name,url
mayonice,https://dl.dafont.com/dl/?f=mayonice
lemon_tuesday,https://dl.dafont.com/dl/?f=lemon_tuesday
cheese_orange,https://dl.dafont.com/dl/?f=cheese_orange
whitenice,https://dl.dafont.com/dl/?f=whitenice
bakso_daging,https://dl.dafont.com/dl/?f=bakso_daging
hey_bro,https://dl.dafont.com/dl/?f=hey_bro
love_3,https://dl.dafont.com/dl/?f=love_3
thesignature,https://dl.dafont.com/dl/?f=thesignature
travellia,https://dl.dafont.com/dl/?f=travellia
only_you_2,https://dl.dafont.com/dl/?f=only_you_2
vividly,https://dl.dafont.com/dl/?f=vividly
halu,https://dl.dafont.com/dl/?f=halu
trashhand,https://dl.dafont.com/dl/?f=trashhand
quentin_2,https://dl.dafont.com/dl/?f=quentin_2
tahu,https://dl.dafont.com/dl/?f=tahu
abuget,https://dl.dafont.com/dl/?f=abuget
high_summit,https://dl.dafont.com/dl/?f=high_summit
handwriting_16,https://dl.dafont.com/dl/?f=handwriting_16
alagambe,https://dl.dafont.com/dl/?f=alagambe
poppin,https://dl.dafont.com/dl/?f=poppin
roustel,https://dl.dafont.com/dl/?f=roustel
callheart,https://dl.dafont.com/dl/?f=callheart
lazy_dog,https://dl.dafont.com/dl/?f=lazy_dog
chalkboard_3,https://dl.dafont.com/dl/?f=chalkboard_3
daniel,https://dl.dafont.com/dl/?f=daniel
bitcheese,https://dl.dafont.com/dl/?f=bitcheese
jocky_starline,https://dl.dafont.com/dl/?f=jocky_starline
bubbly_4,https://dl.dafont.com/dl/?f=bubbly_4
mayorice,https://dl.dafont.com/dl/?f=mayorice
helium,https://dl.dafont.com/dl/?f=helium
honey_script,https://dl.dafont.com/dl/?f=honey_script
milky_week,https://dl.dafont.com/dl/?f=milky_week
angelina,https://dl.dafont.com/dl/?f=angelina
raustila,https://dl.dafont.com/dl/?f=raustila
april,https://dl.dafont.com/dl/?f=april
shaabyla,https://dl.dafont.com/dl/?f=shaabyla
luna_2,https://dl.dafont.com/dl/?f=luna_2
big_spender,https://dl.dafont.com/dl/?f=big_spender
get_show,https://dl.dafont.com/dl/?f=get_show
mungil,https://dl.dafont.com/dl/?f=mungil
bubble_boop,https://dl.dafont.com/dl/?f=bubble_boop
rumpi,https://dl.dafont.com/dl/?f=rumpi
b_de_bonita,https://dl.dafont.com/dl/?f=b_de_bonita
sansilk,https://dl.dafont.com/dl/?f=sansilk
milku,https://dl.dafont.com/dl/?f=milku
bristol,https://dl.dafont.com/dl/?f=bristol
signatura_monoline_script,https://dl.dafont.com/dl/?f=signatura_monoline_script
subscriber,https://dl.dafont.com/dl/?f=subscriber
stigmature,https://dl.dafont.com/dl/?f=stigmature
avenircondensedhand,https://dl.dafont.com/dl/?f=avenircondensedhand
maytra,https://dl.dafont.com/dl/?f=maytra
pencil_2,https://dl.dafont.com/dl/?f=pencil_2
apalu,https://dl.dafont.com/dl/?f=apalu
marykate,https://dl.dafont.com/dl/?f=marykate
handwriting_3,https://dl.dafont.com/dl/?f=handwriting_3
kids,https://dl.dafont.com/dl/?f=kids
hynings_handwriting,https://dl.dafont.com/dl/?f=hynings_handwriting
cutesy,https://dl.dafont.com/dl/?f=cutesy
cute_font,https://dl.dafont.com/dl/?f=cute_font
nalika_signature,https://dl.dafont.com/dl/?f=nalika_signature
catcafe,https://dl.dafont.com/dl/?f=catcafe
colendra,https://dl.dafont.com/dl/?f=colendra
desyrel,https://dl.dafont.com/dl/?f=desyrel
gorillaz1,https://dl.dafont.com/dl/?f=gorillaz1
info_story,https://dl.dafont.com/dl/?f=info_story
a_little_pot,https://dl.dafont.com/dl/?f=a_little_pot
sprinkle,https://dl.dafont.com/dl/?f=sprinkle
pecita,https://dl.dafont.com/dl/?f=pecita
cardenio_modern,https://dl.dafont.com/dl/?f=cardenio_modern
ylee_mhim,https://dl.dafont.com/dl/?f=ylee_mhim
cutie_pie_3,https://dl.dafont.com/dl/?f=cutie_pie_3
starla_2,https://dl.dafont.com/dl/?f=starla_2
calloveya,https://dl.dafont.com/dl/?f=calloveya
cursive,https://dl.dafont.com/dl/?f=cursive
my_handwriting_3,https://dl.dafont.com/dl/?f=my_handwriting_3
fabiana,https://dl.dafont.com/dl/?f=fabiana
dudu_calligraphy,https://dl.dafont.com/dl/?f=dudu_calligraphy
bosk,https://dl.dafont.com/dl/?f=bosk
pencil_child,https://dl.dafont.com/dl/?f=pencil_child
big_snow,https://dl.dafont.com/dl/?f=big_snow
bestermind,https://dl.dafont.com/dl/?f=bestermind
stay_classy_sldt,https://dl.dafont.com/dl/?f=stay_classy_sldt
free_pen,https://dl.dafont.com/dl/?f=free_pen
bringshoot,https://dl.dafont.com/dl/?f=bringshoot
jaceline,https://dl.dafont.com/dl/?f=jaceline
suntowns,https://dl.dafont.com/dl/?f=suntowns
flyover,https://dl.dafont.com/dl/?f=flyover
casual_cursive,https://dl.dafont.com/dl/?f=casual_cursive
onelove,https://dl.dafont.com/dl/?f=onelove
astagina_signature,https://dl.dafont.com/dl/?f=astagina_signature
testimonia,https://dl.dafont.com/dl/?f=testimonia
spicy_potatos,https://dl.dafont.com/dl/?f=spicy_potatos
gelpenupright,https://dl.dafont.com/dl/?f=gelpenupright
naomis_hand,https://dl.dafont.com/dl/?f=naomis_hand
paul_signature,https://dl.dafont.com/dl/?f=paul_signature
bambi_handwritten,https://dl.dafont.com/dl/?f=bambi_handwritten
note_this,https://dl.dafont.com/dl/?f=note_this
123marker,https://dl.dafont.com/dl/?f=123marker
littlejoodles,https://dl.dafont.com/dl/?f=littlejoodles
lullabiest,https://dl.dafont.com/dl/?f=lullabiest
harshita,https://dl.dafont.com/dl/?f=harshita
coffee_mood,https://dl.dafont.com/dl/?f=coffee_mood
cutewritten,https://dl.dafont.com/dl/?f=cutewritten
ms_hand,https://dl.dafont.com/dl/?f=ms_hand
handwriting_6,https://dl.dafont.com/dl/?f=handwriting_6
ammys_handwriting,https://dl.dafont.com/dl/?f=ammys_handwriting
kindergarden,https://dl.dafont.com/dl/?f=kindergarden
frenchpress,https://dl.dafont.com/dl/?f=frenchpress
lt_colored_pencil,https://dl.dafont.com/dl/?f=lt_colored_pencil
breaking,https://dl.dafont.com/dl/?f=breaking
hand_writing,https://dl.dafont.com/dl/?f=hand_writing
ampersand,https://dl.dafont.com/dl/?f=ampersand
gelpen,https://dl.dafont.com/dl/?f=gelpen
celliad,https://dl.dafont.com/dl/?f=celliad
salonica,https://dl.dafont.com/dl/?f=salonica
syamura,https://dl.dafont.com/dl/?f=syamura
delight_coffee,https://dl.dafont.com/dl/?f=delight_coffee
khalila,https://dl.dafont.com/dl/?f=khalila
augie,https://dl.dafont.com/dl/?f=augie
james_fajardo,https://dl.dafont.com/dl/?f=james_fajardo
phontphreaks_handwriting,https://dl.dafont.com/dl/?f=phontphreaks_handwriting
timkid,https://dl.dafont.com/dl/?f=timkid
gunny_rewritten,https://dl.dafont.com/dl/?f=gunny_rewritten
caballar,https://dl.dafont.com/dl/?f=caballar
cognito_scripto,https://dl.dafont.com/dl/?f=cognito_scripto
chocolate_donuts,https://dl.dafont.com/dl/?f=chocolate_donuts
smart_duck,https://dl.dafont.com/dl/?f=smart_duck
another,https://dl.dafont.com/dl/?f=another
samhandwriting,https://dl.dafont.com/dl/?f=samhandwriting
cutehandwriting,https://dl.dafont.com/dl/?f=cutehandwriting
calligraphy_stye,https://dl.dafont.com/dl/?f=calligraphy_stye
rembank,https://dl.dafont.com/dl/?f=rembank
kids_handwriting,https://dl.dafont.com/dl/?f=kids_handwriting
kids_hand,https://dl.dafont.com/dl/?f=kids_hand
hello_sunday_3,https://dl.dafont.com/dl/?f=hello_sunday_3
bond_story,https://dl.dafont.com/dl/?f=bond_story
lt_delilah,https://dl.dafont.com/dl/?f=lt_delilah
stonom,https://dl.dafont.com/dl/?f=stonom
alpha_mack_aoe,https://dl.dafont.com/dl/?f=alpha_mack_aoe
halogen,https://dl.dafont.com/dl/?f=halogen
snow_white,https://dl.dafont.com/dl/?f=snow_white
i_eat_crayons,https://dl.dafont.com/dl/?f=i_eat_crayons
freehand,https://dl.dafont.com/dl/?f=freehand
sunshine_folk,https://dl.dafont.com/dl/?f=sunshine_folk
beth_ellen,https://dl.dafont.com/dl/?f=beth_ellen
indonesian,https://dl.dafont.com/dl/?f=indonesian
daily_life,https://dl.dafont.com/dl/?f=daily_life
anjhay,https://dl.dafont.com/dl/?f=anjhay
smash_3,https://dl.dafont.com/dl/?f=smash_3
have_idea,https://dl.dafont.com/dl/?f=have_idea
rustic_story,https://dl.dafont.com/dl/?f=rustic_story
picard,https://dl.dafont.com/dl/?f=picard
vinchand,https://dl.dafont.com/dl/?f=vinchand
phitradesign_handwritten,https://dl.dafont.com/dl/?f=phitradesign_handwritten
reman,https://dl.dafont.com/dl/?f=reman
ra_bali,https://dl.dafont.com/dl/?f=ra_bali
always,https://dl.dafont.com/dl/?f=always
summer_vibes,https://dl.dafont.com/dl/?f=summer_vibes
limejuice,https://dl.dafont.com/dl/?f=limejuice
barokah_signature,https://dl.dafont.com/dl/?f=barokah_signature
gabriel_smith,https://dl.dafont.com/dl/?f=gabriel_smith
bilya_signature,https://dl.dafont.com/dl/?f=bilya_signature
feltful,https://dl.dafont.com/dl/?f=feltful
welcome_drama,https://dl.dafont.com/dl/?f=welcome_drama
pwsimplehandwriting,https://dl.dafont.com/dl/?f=pwsimplehandwriting
anstery_script,https://dl.dafont.com/dl/?f=anstery_script
newfrench,https://dl.dafont.com/dl/?f=newfrench
latina,https://dl.dafont.com/dl/?f=latina
sexy_beauty,https://dl.dafont.com/dl/?f=sexy_beauty
the_suavity,https://dl.dafont.com/dl/?f=the_suavity
handwriting_8,https://dl.dafont.com/dl/?f=handwriting_8
sweetheart_3,https://dl.dafont.com/dl/?f=sweetheart_3
school_yard,https://dl.dafont.com/dl/?f=school_yard
sunday_pizza,https://dl.dafont.com/dl/?f=sunday_pizza
tirelessly_love_you,https://dl.dafont.com/dl/?f=tirelessly_love_you
pedagogique,https://dl.dafont.com/dl/?f=pedagogique
light_stories,https://dl.dafont.com/dl/?f=light_stories
j_d_handcrafted,https://dl.dafont.com/dl/?f=j_d_handcrafted
easy_speech,https://dl.dafont.com/dl/?f=easy_speech
bad_handwriting,https://dl.dafont.com/dl/?f=bad_handwriting
jackiekcursive,https://dl.dafont.com/dl/?f=jackiekcursive
southpaw,https://dl.dafont.com/dl/?f=southpaw
handwritten,https://dl.dafont.com/dl/?f=handwritten
i_love_pugs,https://dl.dafont.com/dl/?f=i_love_pugs
sofia_handwritten,https://dl.dafont.com/dl/?f=sofia_handwritten
1st_handwritten,https://dl.dafont.com/dl/?f=1st_handwritten
made_likes_script,https://dl.dafont.com/dl/?f=made_likes_script
klepon_ijo,https://dl.dafont.com/dl/?f=klepon_ijo
sharpie,https://dl.dafont.com/dl/?f=sharpie
abc_2,https://dl.dafont.com/dl/?f=abc_2
travel_november,https://dl.dafont.com/dl/?f=travel_november
dufanthe,https://dl.dafont.com/dl/?f=dufanthe
farmhouse_children,https://dl.dafont.com/dl/?f=farmhouse_children
pizzat,https://dl.dafont.com/dl/?f=pizzat
freehand_2,https://dl.dafont.com/dl/?f=freehand_2
back_home_2,https://dl.dafont.com/dl/?f=back_home_2
golden_graph,https://dl.dafont.com/dl/?f=golden_graph
bloomieve,https://dl.dafont.com/dl/?f=bloomieve
kittyspoon,https://dl.dafont.com/dl/?f=kittyspoon
ohhay,https://dl.dafont.com/dl/?f=ohhay
jr_hand,https://dl.dafont.com/dl/?f=jr_hand
iamthecrayonmaster,https://dl.dafont.com/dl/?f=iamthecrayonmaster
uglyhandwriting,https://dl.dafont.com/dl/?f=uglyhandwriting
pwsignaturetwo,https://dl.dafont.com/dl/?f=pwsignaturetwo
gabeethegoomba,https://dl.dafont.com/dl/?f=gabeethegoomba
script_soft,https://dl.dafont.com/dl/?f=script_soft
goodvibes,https://dl.dafont.com/dl/?f=goodvibes
shellahera_script,https://dl.dafont.com/dl/?f=shellahera_script
varsity_3,https://dl.dafont.com/dl/?f=varsity_3
blacksingature,https://dl.dafont.com/dl/?f=blacksingature
kiddos_3,https://dl.dafont.com/dl/?f=kiddos_3
mini_story,https://dl.dafont.com/dl/?f=mini_story
fontnya_ineth,https://dl.dafont.com/dl/?f=fontnya_ineth
terserah,https://dl.dafont.com/dl/?f=terserah
moonstar,https://dl.dafont.com/dl/?f=moonstar
toddler_writing,https://dl.dafont.com/dl/?f=toddler_writing
cheese_cake_2,https://dl.dafont.com/dl/?f=cheese_cake_2
sauce_tomato,https://dl.dafont.com/dl/?f=sauce_tomato
basic_bitch,https://dl.dafont.com/dl/?f=basic_bitch
anke_calligraphic_fg,https://dl.dafont.com/dl/?f=anke_calligraphic_fg
lush,https://dl.dafont.com/dl/?f=lush
faraco_hand,https://dl.dafont.com/dl/?f=faraco_hand
aarons_hand,https://dl.dafont.com/dl/?f=aarons_hand
fineliner_script,https://dl.dafont.com/dl/?f=fineliner_script
pen_2,https://dl.dafont.com/dl/?f=pen_2
kiwi_school_handwriting,https://dl.dafont.com/dl/?f=kiwi_school_handwriting
kaeshandwriting,https://dl.dafont.com/dl/?f=kaeshandwriting
dinosaur2,https://dl.dafont.com/dl/?f=dinosaur2
amyshandwriting,https://dl.dafont.com/dl/?f=amyshandwriting
i_am_seventeen,https://dl.dafont.com/dl/?f=i_am_seventeen
alexs_writing,https://dl.dafont.com/dl/?f=alexs_writing
eufoniem,https://dl.dafont.com/dl/?f=eufoniem
p4r4d0x_h4ndwr1tt3n,https://dl.dafont.com/dl/?f=p4r4d0x_h4ndwr1tt3n
reading,https://dl.dafont.com/dl/?f=reading
royalia,https://dl.dafont.com/dl/?f=royalia
sage_sans,https://dl.dafont.com/dl/?f=sage_sans
lunarie,https://dl.dafont.com/dl/?f=lunarie
ronald_handwriting,https://dl.dafont.com/dl/?f=ronald_handwriting
slim_handwritten,https://dl.dafont.com/dl/?f=slim_handwritten
southern_3,https://dl.dafont.com/dl/?f=southern_3
abcl,https://dl.dafont.com/dl/?f=abcl
inclitodo,https://dl.dafont.com/dl/?f=inclitodo
little_bean,https://dl.dafont.com/dl/?f=little_bean
sastica_nora,https://dl.dafont.com/dl/?f=sastica_nora
six_thousand,https://dl.dafont.com/dl/?f=six_thousand
cetary,https://dl.dafont.com/dl/?f=cetary
heyho,https://dl.dafont.com/dl/?f=heyho
lyonhandwritten,https://dl.dafont.com/dl/?f=lyonhandwritten
maame,https://dl.dafont.com/dl/?f=maame
new_york_4,https://dl.dafont.com/dl/?f=new_york_4
heyhoo,https://dl.dafont.com/dl/?f=heyhoo
coolslim,https://dl.dafont.com/dl/?f=coolslim
snack_box,https://dl.dafont.com/dl/?f=snack_box
datang_story,https://dl.dafont.com/dl/?f=datang_story
fatboy_slim,https://dl.dafont.com/dl/?f=fatboy_slim
marker_sd,https://dl.dafont.com/dl/?f=marker_sd
daisy_script,https://dl.dafont.com/dl/?f=daisy_script
primahandwrite,https://dl.dafont.com/dl/?f=primahandwrite
thin_pencil_handwriting,https://dl.dafont.com/dl/?f=thin_pencil_handwriting
myhandwritingsucks,https://dl.dafont.com/dl/?f=myhandwritingsucks
chicken_scratch2,https://dl.dafont.com/dl/?f=chicken_scratch2
perpetua_evenity,https://dl.dafont.com/dl/?f=perpetua_evenity
andy,https://dl.dafont.com/dl/?f=andy
catriona,https://dl.dafont.com/dl/?f=catriona
fairy_wings,https://dl.dafont.com/dl/?f=fairy_wings
fancy_not,https://dl.dafont.com/dl/?f=fancy_not
darkwoman,https://dl.dafont.com/dl/?f=darkwoman
digory_doodles,https://dl.dafont.com/dl/?f=digory_doodles
jaime_blues,https://dl.dafont.com/dl/?f=jaime_blues
kh_blackline_script,https://dl.dafont.com/dl/?f=kh_blackline_script
white_pinky,https://dl.dafont.com/dl/?f=white_pinky
willford_brush,https://dl.dafont.com/dl/?f=willford_brush
morgan_chalk,https://dl.dafont.com/dl/?f=morgan_chalk
callie_chalk,https://dl.dafont.com/dl/?f=callie_chalk
sloppy_annabelle,https://dl.dafont.com/dl/?f=sloppy_annabelle
old_sharpie,https://dl.dafont.com/dl/?f=old_sharpie
sketchies,https://dl.dafont.com/dl/?f=sketchies
notes,https://dl.dafont.com/dl/?f=notes
daniela_2,https://dl.dafont.com/dl/?f=daniela_2
oh_my,https://dl.dafont.com/dl/?f=oh_my
the_magestica,https://dl.dafont.com/dl/?f=the_magestica
chloe_3,https://dl.dafont.com/dl/?f=chloe_3
inkpoint,https://dl.dafont.com/dl/?f=inkpoint
hand_craft,https://dl.dafont.com/dl/?f=hand_craft
monday_donuts,https://dl.dafont.com/dl/?f=monday_donuts
sealand_3,https://dl.dafont.com/dl/?f=sealand_3
kids_handmade,https://dl.dafont.com/dl/?f=kids_handmade
nightcat,https://dl.dafont.com/dl/?f=nightcat
hello_mickeys,https://dl.dafont.com/dl/?f=hello_mickeys
sugar_handy,https://dl.dafont.com/dl/?f=sugar_handy
stimcard,https://dl.dafont.com/dl/?f=stimcard
christmas_party_4,https://dl.dafont.com/dl/?f=christmas_party_4
mt_matto_script,https://dl.dafont.com/dl/?f=mt_matto_script
bethhand,https://dl.dafont.com/dl/?f=bethhand
acki_preschool,https://dl.dafont.com/dl/?f=acki_preschool
tidy_hand,https://dl.dafont.com/dl/?f=tidy_hand
adams_hand,https://dl.dafont.com/dl/?f=adams_hand
tf2_professor,https://dl.dafont.com/dl/?f=tf2_professor
circ_handwriting,https://dl.dafont.com/dl/?f=circ_handwriting
comicjans,https://dl.dafont.com/dl/?f=comicjans
skinny_notfon1234,https://dl.dafont.com/dl/?f=skinny_notfon1234
jdhands,https://dl.dafont.com/dl/?f=jdhands
handwritingfont,https://dl.dafont.com/dl/?f=handwritingfont
swagger_kt,https://dl.dafont.com/dl/?f=swagger_kt
childwritten,https://dl.dafont.com/dl/?f=childwritten
janitor,https://dl.dafont.com/dl/?f=janitor
yafont,https://dl.dafont.com/dl/?f=yafont
mywriting,https://dl.dafont.com/dl/?f=mywriting
minnie_mousse,https://dl.dafont.com/dl/?f=minnie_mousse
upcycledmama,https://dl.dafont.com/dl/?f=upcycledmama
5yearsoldfont,https://dl.dafont.com/dl/?f=5yearsoldfont
schuboisehandwrite,https://dl.dafont.com/dl/?f=schuboisehandwrite
loose_typewriter,https://dl.dafont.com/dl/?f=loose_typewriter
irregularis,https://dl.dafont.com/dl/?f=irregularis
pizza_by_alfredo,https://dl.dafont.com/dl/?f=pizza_by_alfredo
jakeshandwriting,https://dl.dafont.com/dl/?f=jakeshandwriting
happy_day,https://dl.dafont.com/dl/?f=happy_day
gabby,https://dl.dafont.com/dl/?f=gabby
sketchy_5,https://dl.dafont.com/dl/?f=sketchy_5
pink_lemonade,https://dl.dafont.com/dl/?f=pink_lemonade
handwritten_nat29_font,https://dl.dafont.com/dl/?f=handwritten_nat29_font
my_font_is_a_handwriting,https://dl.dafont.com/dl/?f=my_font_is_a_handwriting
kabina,https://dl.dafont.com/dl/?f=kabina
metafors,https://dl.dafont.com/dl/?f=metafors
comili,https://dl.dafont.com/dl/?f=comili
bad_ink,https://dl.dafont.com/dl/?f=bad_ink
baby_ground,https://dl.dafont.com/dl/?f=baby_ground
baiklah,https://dl.dafont.com/dl/?f=baiklah
romantick,https://dl.dafont.com/dl/?f=romantick
dreamy_land,https://dl.dafont.com/dl/?f=dreamy_land
believe_it,https://dl.dafont.com/dl/?f=believe_it
sugeng_rawuh,https://dl.dafont.com/dl/?f=sugeng_rawuh
hello_anissta_handwritten,https://dl.dafont.com/dl/?f=hello_anissta_handwritten
robot,https://dl.dafont.com/dl/?f=robot
bambu_2,https://dl.dafont.com/dl/?f=bambu_2
cutie_serene,https://dl.dafont.com/dl/?f=cutie_serene
cokobi,https://dl.dafont.com/dl/?f=cokobi
caleb_jack_handwriting_2021,https://dl.dafont.com/dl/?f=caleb_jack_handwriting_2021
heartfullie,https://dl.dafont.com/dl/?f=heartfullie
gumifont,https://dl.dafont.com/dl/?f=gumifont
beliya_signature,https://dl.dafont.com/dl/?f=beliya_signature
morning_breeze,https://dl.dafont.com/dl/?f=morning_breeze
first_school,https://dl.dafont.com/dl/?f=first_school
rabbania,https://dl.dafont.com/dl/?f=rabbania
delight_snowy,https://dl.dafont.com/dl/?f=delight_snowy
sabs,https://dl.dafont.com/dl/?f=sabs
margarine,https://dl.dafont.com/dl/?f=margarine
black_bird_2,https://dl.dafont.com/dl/?f=black_bird_2
amelies_zettelwirtschaft_ah,https://dl.dafont.com/dl/?f=amelies_zettelwirtschaft_ah
monday_mood,https://dl.dafont.com/dl/?f=monday_mood
monolite,https://dl.dafont.com/dl/?f=monolite
after_daylight,https://dl.dafont.com/dl/?f=after_daylight
daykids,https://dl.dafont.com/dl/?f=daykids
alfath_signature,https://dl.dafont.com/dl/?f=alfath_signature
kids_ballad,https://dl.dafont.com/dl/?f=kids_ballad
friend_info,https://dl.dafont.com/dl/?f=friend_info
bakpia_sabang,https://dl.dafont.com/dl/?f=bakpia_sabang
bobcat,https://dl.dafont.com/dl/?f=bobcat
hand_me_down,https://dl.dafont.com/dl/?f=hand_me_down
delarge_marker_pen,https://dl.dafont.com/dl/?f=delarge_marker_pen
timtastic,https://dl.dafont.com/dl/?f=timtastic
andrew_script,https://dl.dafont.com/dl/?f=andrew_script
five_cents,https://dl.dafont.com/dl/?f=five_cents
luna,https://dl.dafont.com/dl/?f=luna
paulmaul,https://dl.dafont.com/dl/?f=paulmaul
mechanical_pencil,https://dl.dafont.com/dl/?f=mechanical_pencil
nicolas_frespech,https://dl.dafont.com/dl/?f=nicolas_frespech
agent_c,https://dl.dafont.com/dl/?f=agent_c
cd_writing,https://dl.dafont.com/dl/?f=cd_writing
shazi_hand,https://dl.dafont.com/dl/?f=shazi_hand
emma_sophia,https://dl.dafont.com/dl/?f=emma_sophia
writing_stuff,https://dl.dafont.com/dl/?f=writing_stuff
aaron_with_a_marker,https://dl.dafont.com/dl/?f=aaron_with_a_marker
sweetie_pie,https://dl.dafont.com/dl/?f=sweetie_pie
neko,https://dl.dafont.com/dl/?f=neko
aji_hand,https://dl.dafont.com/dl/?f=aji_hand
hannahandwriting,https://dl.dafont.com/dl/?f=hannahandwriting
straight_narrow,https://dl.dafont.com/dl/?f=straight_narrow
hashtag,https://dl.dafont.com/dl/?f=hashtag
soljik_dambaek,https://dl.dafont.com/dl/?f=soljik_dambaek
morning_coffee,https://dl.dafont.com/dl/?f=morning_coffee
damagrafik_script,https://dl.dafont.com/dl/?f=damagrafik_script
mattshandwriting,https://dl.dafont.com/dl/?f=mattshandwriting
toilet_tag,https://dl.dafont.com/dl/?f=toilet_tag
hammer,https://dl.dafont.com/dl/?f=hammer
earth2,https://dl.dafont.com/dl/?f=earth2
sketch,https://dl.dafont.com/dl/?f=sketch
pop,https://dl.dafont.com/dl/?f=pop
curlygirl,https://dl.dafont.com/dl/?f=curlygirl
silky_written,https://dl.dafont.com/dl/?f=silky_written
quikhand,https://dl.dafont.com/dl/?f=quikhand
cartoony_worldoz,https://dl.dafont.com/dl/?f=cartoony_worldoz
ali_air,https://dl.dafont.com/dl/?f=ali_air
waterfire,https://dl.dafont.com/dl/?f=waterfire
my_unprofessional_handwriting,https://dl.dafont.com/dl/?f=my_unprofessional_handwriting
just_breathe,https://dl.dafont.com/dl/?f=just_breathe
three_dots,https://dl.dafont.com/dl/?f=three_dots
billys_hand,https://dl.dafont.com/dl/?f=billys_hand
kevinwild,https://dl.dafont.com/dl/?f=kevinwild
123bambou,https://dl.dafont.com/dl/?f=123bambou
yearbook,https://dl.dafont.com/dl/?f=yearbook
kanada,https://dl.dafont.com/dl/?f=kanada
quickline,https://dl.dafont.com/dl/?f=quickline
morsal,https://dl.dafont.com/dl/?f=morsal
jandys_dua,https://dl.dafont.com/dl/?f=jandys_dua
travelling,https://dl.dafont.com/dl/?f=travelling
cahyati,https://dl.dafont.com/dl/?f=cahyati
le_french,https://dl.dafont.com/dl/?f=le_french
nafeeda,https://dl.dafont.com/dl/?f=nafeeda
rio_ma,https://dl.dafont.com/dl/?f=rio_ma
santa_fe,https://dl.dafont.com/dl/?f=santa_fe
tinta,https://dl.dafont.com/dl/?f=tinta
pinsign,https://dl.dafont.com/dl/?f=pinsign
abasterrules,https://dl.dafont.com/dl/?f=abasterrules
yasmine_rothem,https://dl.dafont.com/dl/?f=yasmine_rothem
my_friend,https://dl.dafont.com/dl/?f=my_friend
i_love_indonesia,https://dl.dafont.com/dl/?f=i_love_indonesia
tanda_tangan_2,https://dl.dafont.com/dl/?f=tanda_tangan_2
marisa_handwriting,https://dl.dafont.com/dl/?f=marisa_handwriting
jann_script,https://dl.dafont.com/dl/?f=jann_script
open_heart,https://dl.dafont.com/dl/?f=open_heart
bakpia,https://dl.dafont.com/dl/?f=bakpia
lumie,https://dl.dafont.com/dl/?f=lumie
handwriting_main,https://dl.dafont.com/dl/?f=handwriting_main
cool_kid,https://dl.dafont.com/dl/?f=cool_kid
summer_pisces,https://dl.dafont.com/dl/?f=summer_pisces
sweet_poems,https://dl.dafont.com/dl/?f=sweet_poems
william_3,https://dl.dafont.com/dl/?f=william_3
juliagar,https://dl.dafont.com/dl/?f=juliagar
mousey,https://dl.dafont.com/dl/?f=mousey
a_amenity_kits,https://dl.dafont.com/dl/?f=a_amenity_kits
bubbly_5,https://dl.dafont.com/dl/?f=bubbly_5
no_debate,https://dl.dafont.com/dl/?f=no_debate
flowerbust,https://dl.dafont.com/dl/?f=flowerbust
jengkol,https://dl.dafont.com/dl/?f=jengkol
mustika,https://dl.dafont.com/dl/?f=mustika
elementary_2,https://dl.dafont.com/dl/?f=elementary_2
mcbungus,https://dl.dafont.com/dl/?f=mcbungus
baliho,https://dl.dafont.com/dl/?f=baliho
mowgli_script,https://dl.dafont.com/dl/?f=mowgli_script
bittersweet_2,https://dl.dafont.com/dl/?f=bittersweet_2
avocedit_smoothie,https://dl.dafont.com/dl/?f=avocedit_smoothie
tiny_chalk,https://dl.dafont.com/dl/?f=tiny_chalk
luney_handwriting,https://dl.dafont.com/dl/?f=luney_handwriting
ragilac,https://dl.dafont.com/dl/?f=ragilac
mory,https://dl.dafont.com/dl/?f=mory
handwriting_uwu,https://dl.dafont.com/dl/?f=handwriting_uwu
neat,https://dl.dafont.com/dl/?f=neat
malibu_nights,https://dl.dafont.com/dl/?f=malibu_nights
mommy_talk,https://dl.dafont.com/dl/?f=mommy_talk
smile_kids,https://dl.dafont.com/dl/?f=smile_kids
handwriting_basics,https://dl.dafont.com/dl/?f=handwriting_basics
escrito,https://dl.dafont.com/dl/?f=escrito
boring_days,https://dl.dafont.com/dl/?f=boring_days
stoke_note,https://dl.dafont.com/dl/?f=stoke_note
cucu,https://dl.dafont.com/dl/?f=cucu
swash,https://dl.dafont.com/dl/?f=swash
salla_moon,https://dl.dafont.com/dl/?f=salla_moon
hoppin,https://dl.dafont.com/dl/?f=hoppin
rose_3,https://dl.dafont.com/dl/?f=rose_3
chatnow,https://dl.dafont.com/dl/?f=chatnow
sunday_donuts,https://dl.dafont.com/dl/?f=sunday_donuts
sunday_morning_10,https://dl.dafont.com/dl/?f=sunday_morning_10
candlenut_spice,https://dl.dafont.com/dl/?f=candlenut_spice
bouncing_sans,https://dl.dafont.com/dl/?f=bouncing_sans
bang_tamvan,https://dl.dafont.com/dl/?f=bang_tamvan
cherryplfumpy,https://dl.dafont.com/dl/?f=cherryplfumpy
inkburrow,https://dl.dafont.com/dl/?f=inkburrow
in_his_hands,https://dl.dafont.com/dl/?f=in_his_hands
especial_kay,https://dl.dafont.com/dl/?f=especial_kay
donald,https://dl.dafont.com/dl/?f=donald
dwerneck,https://dl.dafont.com/dl/?f=dwerneck
magnus_handwriting,https://dl.dafont.com/dl/?f=magnus_handwriting
gemelli,https://dl.dafont.com/dl/?f=gemelli
maxine_script,https://dl.dafont.com/dl/?f=maxine_script
fafers_handwriting_font,https://dl.dafont.com/dl/?f=fafers_handwriting_font
moanhand,https://dl.dafont.com/dl/?f=moanhand
gorrisans,https://dl.dafont.com/dl/?f=gorrisans
designer_notes,https://dl.dafont.com/dl/?f=designer_notes
mega_cherry,https://dl.dafont.com/dl/?f=mega_cherry
nice_written,https://dl.dafont.com/dl/?f=nice_written
just_act_casual,https://dl.dafont.com/dl/?f=just_act_casual
skinny_black,https://dl.dafont.com/dl/?f=skinny_black
nathans_notations,https://dl.dafont.com/dl/?f=nathans_notations
jon_sans,https://dl.dafont.com/dl/?f=jon_sans
vavont,https://dl.dafont.com/dl/?f=vavont
owen_hand,https://dl.dafont.com/dl/?f=owen_hand
jembohands,https://dl.dafont.com/dl/?f=jembohands
pennarelo,https://dl.dafont.com/dl/?f=pennarelo
jehzlau_concepts,https://dl.dafont.com/dl/?f=jehzlau_concepts
may_queen,https://dl.dafont.com/dl/?f=may_queen
draconian_mechanical_pencil,https://dl.dafont.com/dl/?f=draconian_mechanical_pencil
girlie,https://dl.dafont.com/dl/?f=girlie
kurzetstype,https://dl.dafont.com/dl/?f=kurzetstype
sabrina_at,https://dl.dafont.com/dl/?f=sabrina_at
denise,https://dl.dafont.com/dl/?f=denise
stylo_mario,https://dl.dafont.com/dl/?f=stylo_mario
davy_francis,https://dl.dafont.com/dl/?f=davy_francis
carybe,https://dl.dafont.com/dl/?f=carybe
billbonessans,https://dl.dafont.com/dl/?f=billbonessans
denishandwritting,https://dl.dafont.com/dl/?f=denishandwritting
astrid,https://dl.dafont.com/dl/?f=astrid
memos_hand,https://dl.dafont.com/dl/?f=memos_hand
bymyhand,https://dl.dafont.com/dl/?f=bymyhand
anilin,https://dl.dafont.com/dl/?f=anilin
seattle_avenue,https://dl.dafont.com/dl/?f=seattle_avenue
penguin,https://dl.dafont.com/dl/?f=penguin
cutetumblrfont,https://dl.dafont.com/dl/?f=cutetumblrfont
emmyshandwriting,https://dl.dafont.com/dl/?f=emmyshandwriting
handwrited,https://dl.dafont.com/dl/?f=handwrited
welovecutethings,https://dl.dafont.com/dl/?f=welovecutethings
fancy_nancy,https://dl.dafont.com/dl/?f=fancy_nancy
debhandwriting,https://dl.dafont.com/dl/?f=debhandwriting
b_mce,https://dl.dafont.com/dl/?f=b_mce
katiethompsonshandwriting,https://dl.dafont.com/dl/?f=katiethompsonshandwriting
lemonjuice,https://dl.dafont.com/dl/?f=lemonjuice
djsslantserif,https://dl.dafont.com/dl/?f=djsslantserif
dsnet_child,https://dl.dafont.com/dl/?f=dsnet_child
slippery_dip,https://dl.dafont.com/dl/?f=slippery_dip
kittype,https://dl.dafont.com/dl/?f=kittype
effenewversion,https://dl.dafont.com/dl/?f=effenewversion
kittypeextra,https://dl.dafont.com/dl/?f=kittypeextra
cutepickle,https://dl.dafont.com/dl/?f=cutepickle
dallas,https://dl.dafont.com/dl/?f=dallas
paper_plane,https://dl.dafont.com/dl/?f=paper_plane
handbag,https://dl.dafont.com/dl/?f=handbag
erinnhandwriting,https://dl.dafont.com/dl/?f=erinnhandwriting
lastline,https://dl.dafont.com/dl/?f=lastline
doodles,https://dl.dafont.com/dl/?f=doodles
ecriture,https://dl.dafont.com/dl/?f=ecriture
sugarpie_2,https://dl.dafont.com/dl/?f=sugarpie_2
scribblezack,https://dl.dafont.com/dl/?f=scribblezack
new_spirit,https://dl.dafont.com/dl/?f=new_spirit
papergirl,https://dl.dafont.com/dl/?f=papergirl
paramorealbum,https://dl.dafont.com/dl/?f=paramorealbum
daintydaisies,https://dl.dafont.com/dl/?f=daintydaisies
confettifalling,https://dl.dafont.com/dl/?f=confettifalling
indie_queen,https://dl.dafont.com/dl/?f=indie_queen
jimmy_flashcard,https://dl.dafont.com/dl/?f=jimmy_flashcard
jasonsharpie,https://dl.dafont.com/dl/?f=jasonsharpie
bailey_bowers,https://dl.dafont.com/dl/?f=bailey_bowers
realize_my_passion,https://dl.dafont.com/dl/?f=realize_my_passion
gaelle001,https://dl.dafont.com/dl/?f=gaelle001
gaellenumber5,https://dl.dafont.com/dl/?f=gaellenumber5
school_writing,https://dl.dafont.com/dl/?f=school_writing
asdafdasg,https://dl.dafont.com/dl/?f=asdafdasg
child_serial_killer,https://dl.dafont.com/dl/?f=child_serial_killer
wonderful,https://dl.dafont.com/dl/?f=wonderful
arcanum_order,https://dl.dafont.com/dl/?f=arcanum_order
suplexdriver,https://dl.dafont.com/dl/?f=suplexdriver
big_writer,https://dl.dafont.com/dl/?f=big_writer
quand_tu_dors,https://dl.dafont.com/dl/?f=quand_tu_dors
tudy1311,https://dl.dafont.com/dl/?f=tudy1311
handschrift,https://dl.dafont.com/dl/?f=handschrift
barely_handwritten,https://dl.dafont.com/dl/?f=barely_handwritten
dami_was_here,https://dl.dafont.com/dl/?f=dami_was_here
sortdecai_cursive_wild_script,https://dl.dafont.com/dl/?f=sortdecai_cursive_wild_script
good,https://dl.dafont.com/dl/?f=good
malam,https://dl.dafont.com/dl/?f=malam
phitradesign_ink,https://dl.dafont.com/dl/?f=phitradesign_ink
rainstorms_in_july,https://dl.dafont.com/dl/?f=rainstorms_in_july
estirada,https://dl.dafont.com/dl/?f=estirada
azurite,https://dl.dafont.com/dl/?f=azurite
art_class2,https://dl.dafont.com/dl/?f=art_class2
fn_blocknote_hand,https://dl.dafont.com/dl/?f=fn_blocknote_hand
feather_script,https://dl.dafont.com/dl/?f=feather_script
simplicity_3,https://dl.dafont.com/dl/?f=simplicity_3
anisa_sans,https://dl.dafont.com/dl/?f=anisa_sans
basfar,https://dl.dafont.com/dl/?f=basfar
aision,https://dl.dafont.com/dl/?f=aision
mallino,https://dl.dafont.com/dl/?f=mallino
go_baaa_handwritten_comic,https://dl.dafont.com/dl/?f=go_baaa_handwritten_comic
mix_doodle,https://dl.dafont.com/dl/?f=mix_doodle
creates,https://dl.dafont.com/dl/?f=creates
annies,https://dl.dafont.com/dl/?f=annies
gtoles,https://dl.dafont.com/dl/?f=gtoles
mas_pendi_wow,https://dl.dafont.com/dl/?f=mas_pendi_wow
marikita,https://dl.dafont.com/dl/?f=marikita
jokoowi,https://dl.dafont.com/dl/?f=jokoowi
mulberry,https://dl.dafont.com/dl/?f=mulberry
lilly_2,https://dl.dafont.com/dl/?f=lilly_2
blasting_brush,https://dl.dafont.com/dl/?f=blasting_brush
bayu_prahara_2,https://dl.dafont.com/dl/?f=bayu_prahara_2
baltimore_2,https://dl.dafont.com/dl/?f=baltimore_2
grabstein_handschrift,https://dl.dafont.com/dl/?f=grabstein_handschrift
bootleg_tim_burton,https://dl.dafont.com/dl/?f=bootleg_tim_burton
saitama_3,https://dl.dafont.com/dl/?f=saitama_3
milkyletters,https://dl.dafont.com/dl/?f=milkyletters
mouse_writing,https://dl.dafont.com/dl/?f=mouse_writing
double_thin,https://dl.dafont.com/dl/?f=double_thin
gameboi_95,https://dl.dafont.com/dl/?f=gameboi_95
normal_comic,https://dl.dafont.com/dl/?f=normal_comic
sparkling_moscow_script,https://dl.dafont.com/dl/?f=sparkling_moscow_script
santuy,https://dl.dafont.com/dl/?f=santuy
stmath,https://dl.dafont.com/dl/?f=stmath
ninas,https://dl.dafont.com/dl/?f=ninas
classic_nosh,https://dl.dafont.com/dl/?f=classic_nosh
kill_dill,https://dl.dafont.com/dl/?f=kill_dill
mcboingo,https://dl.dafont.com/dl/?f=mcboingo
jerome_romusha,https://dl.dafont.com/dl/?f=jerome_romusha
sugarlike,https://dl.dafont.com/dl/?f=sugarlike
lowbeam,https://dl.dafont.com/dl/?f=lowbeam
a_angkanya_sebelas,https://dl.dafont.com/dl/?f=a_angkanya_sebelas
lt_feelgood,https://dl.dafont.com/dl/?f=lt_feelgood
a_amne_sans,https://dl.dafont.com/dl/?f=a_amne_sans
kazycraie,https://dl.dafont.com/dl/?f=kazycraie
chery_santos,https://dl.dafont.com/dl/?f=chery_santos
sketch_art,https://dl.dafont.com/dl/?f=sketch_art
denganline,https://dl.dafont.com/dl/?f=denganline
kalis_handwriting,https://dl.dafont.com/dl/?f=kalis_handwriting
gratise,https://dl.dafont.com/dl/?f=gratise
bajurie,https://dl.dafont.com/dl/?f=bajurie
chimchu,https://dl.dafont.com/dl/?f=chimchu
witchi,https://dl.dafont.com/dl/?f=witchi
crunchy_stick,https://dl.dafont.com/dl/?f=crunchy_stick
sang_jutawan,https://dl.dafont.com/dl/?f=sang_jutawan
give_away,https://dl.dafont.com/dl/?f=give_away
demure_2,https://dl.dafont.com/dl/?f=demure_2
digress_2,https://dl.dafont.com/dl/?f=digress_2
klaud_handwriting,https://dl.dafont.com/dl/?f=klaud_handwriting
like_slim,https://dl.dafont.com/dl/?f=like_slim
dish_out,https://dl.dafont.com/dl/?f=dish_out
radith,https://dl.dafont.com/dl/?f=radith
halmera,https://dl.dafont.com/dl/?f=halmera
celinea,https://dl.dafont.com/dl/?f=celinea
fuffy,https://dl.dafont.com/dl/?f=fuffy
fallind,https://dl.dafont.com/dl/?f=fallind
lazy_dog_called_mipan,https://dl.dafont.com/dl/?f=lazy_dog_called_mipan
violeta,https://dl.dafont.com/dl/?f=violeta
amanda_12,https://dl.dafont.com/dl/?f=amanda_12
delight_winter,https://dl.dafont.com/dl/?f=delight_winter
remember_night,https://dl.dafont.com/dl/?f=remember_night
avds_nino,https://dl.dafont.com/dl/?f=avds_nino
prilly_monly,https://dl.dafont.com/dl/?f=prilly_monly
holland_land,https://dl.dafont.com/dl/?f=holland_land
johanna_the_architect,https://dl.dafont.com/dl/?f=johanna_the_architect
chuu_messy_handwriting,https://dl.dafont.com/dl/?f=chuu_messy_handwriting
copykey,https://dl.dafont.com/dl/?f=copykey
starlight_11,https://dl.dafont.com/dl/?f=starlight_11
sheep,https://dl.dafont.com/dl/?f=sheep
welcome_home_3,https://dl.dafont.com/dl/?f=welcome_home_3
the_simsong,https://dl.dafont.com/dl/?f=the_simsong
hello_sweet_2,https://dl.dafont.com/dl/?f=hello_sweet_2
elliot_3,https://dl.dafont.com/dl/?f=elliot_3
quickline_2,https://dl.dafont.com/dl/?f=quickline_2
new_boba,https://dl.dafont.com/dl/?f=new_boba
power_chocolate,https://dl.dafont.com/dl/?f=power_chocolate
bowling_2,https://dl.dafont.com/dl/?f=bowling_2
wisdom,https://dl.dafont.com/dl/?f=wisdom
brown_paper,https://dl.dafont.com/dl/?f=brown_paper
december_show,https://dl.dafont.com/dl/?f=december_show
ronysiswadi_13,https://dl.dafont.com/dl/?f=ronysiswadi_13
catways,https://dl.dafont.com/dl/?f=catways
more_ideas,https://dl.dafont.com/dl/?f=more_ideas
buydog,https://dl.dafont.com/dl/?f=buydog
filthyrich,https://dl.dafont.com/dl/?f=filthyrich
cat_song,https://dl.dafont.com/dl/?f=cat_song
urang_kaya,https://dl.dafont.com/dl/?f=urang_kaya
lovitz,https://dl.dafont.com/dl/?f=lovitz
tall_paul,https://dl.dafont.com/dl/?f=tall_paul
big_mister_c,https://dl.dafont.com/dl/?f=big_mister_c
big_log,https://dl.dafont.com/dl/?f=big_log
budhand,https://dl.dafont.com/dl/?f=budhand
dinosaur_jr,https://dl.dafont.com/dl/?f=dinosaur_jr
salamander,https://dl.dafont.com/dl/?f=salamander
kids_first_print_fo,https://dl.dafont.com/dl/?f=kids_first_print_fo
domestic_manners,https://dl.dafont.com/dl/?f=domestic_manners
splurge,https://dl.dafont.com/dl/?f=splurge
new_dr_yoshiabibi,https://dl.dafont.com/dl/?f=new_dr_yoshiabibi
thommy_handwrite,https://dl.dafont.com/dl/?f=thommy_handwrite
jp_hand_slanted,https://dl.dafont.com/dl/?f=jp_hand_slanted
jp_hand_straight,https://dl.dafont.com/dl/?f=jp_hand_straight
harrison,https://dl.dafont.com/dl/?f=harrison
salade_de_fruits,https://dl.dafont.com/dl/?f=salade_de_fruits
new_toy,https://dl.dafont.com/dl/?f=new_toy
honey_i_stole_your_,https://dl.dafont.com/dl/?f=honey_i_stole_your_
yelly,https://dl.dafont.com/dl/?f=yelly
matt_serif,https://dl.dafont.com/dl/?f=matt_serif
asphyxiate_regular,https://dl.dafont.com/dl/?f=asphyxiate_regular
danifont,https://dl.dafont.com/dl/?f=danifont
sml_fat_marker,https://dl.dafont.com/dl/?f=sml_fat_marker
commotion_business,https://dl.dafont.com/dl/?f=commotion_business
artskyd_hand,https://dl.dafont.com/dl/?f=artskyd_hand
harrowprint,https://dl.dafont.com/dl/?f=harrowprint
wolgast_two,https://dl.dafont.com/dl/?f=wolgast_two
al_seana,https://dl.dafont.com/dl/?f=al_seana
sydneys_hand,https://dl.dafont.com/dl/?f=sydneys_hand
flabby_bums_handwriting,https://dl.dafont.com/dl/?f=flabby_bums_handwriting
phrocha_scrypt,https://dl.dafont.com/dl/?f=phrocha_scrypt
lavoshandy,https://dl.dafont.com/dl/?f=lavoshandy
somebercum_sans_serif,https://dl.dafont.com/dl/?f=somebercum_sans_serif
wagnasty,https://dl.dafont.com/dl/?f=wagnasty
brian_scratch,https://dl.dafont.com/dl/?f=brian_scratch
lucy_goosey_black,https://dl.dafont.com/dl/?f=lucy_goosey_black
noxway,https://dl.dafont.com/dl/?f=noxway
mister_spicy_dos,https://dl.dafont.com/dl/?f=mister_spicy_dos
fuchsiabuddha,https://dl.dafont.com/dl/?f=fuchsiabuddha
lefty_dave,https://dl.dafont.com/dl/?f=lefty_dave
post_it_penscript,https://dl.dafont.com/dl/?f=post_it_penscript
hanoded_hand,https://dl.dafont.com/dl/?f=hanoded_hand
bo_chen_font,https://dl.dafont.com/dl/?f=bo_chen_font
nipcens_handwriting,https://dl.dafont.com/dl/?f=nipcens_handwriting
heinwriting,https://dl.dafont.com/dl/?f=heinwriting
wickhop_handwriting,https://dl.dafont.com/dl/?f=wickhop_handwriting
davidcito,https://dl.dafont.com/dl/?f=davidcito
nizzysfonty,https://dl.dafont.com/dl/?f=nizzysfonty
michael,https://dl.dafont.com/dl/?f=michael
middleschoolsucks,https://dl.dafont.com/dl/?f=middleschoolsucks
apd,https://dl.dafont.com/dl/?f=apd
enjoy,https://dl.dafont.com/dl/?f=enjoy
coloroyd_bastard,https://dl.dafont.com/dl/?f=coloroyd_bastard
peacerfulday,https://dl.dafont.com/dl/?f=peacerfulday
jdjerk,https://dl.dafont.com/dl/?f=jdjerk
krizzy,https://dl.dafont.com/dl/?f=krizzy
fontgf,https://dl.dafont.com/dl/?f=fontgf
lovely_eunike_hans,https://dl.dafont.com/dl/?f=lovely_eunike_hans
dker_finepoint,https://dl.dafont.com/dl/?f=dker_finepoint
parkinsons,https://dl.dafont.com/dl/?f=parkinsons
jhand,https://dl.dafont.com/dl/?f=jhand
herbert,https://dl.dafont.com/dl/?f=herbert
askeshandwriting,https://dl.dafont.com/dl/?f=askeshandwriting
scrappy_looking_demo,https://dl.dafont.com/dl/?f=scrappy_looking_demo
jackishandwriting,https://dl.dafont.com/dl/?f=jackishandwriting
fish_sausages,https://dl.dafont.com/dl/?f=fish_sausages
eatmyeggrolls,https://dl.dafont.com/dl/?f=eatmyeggrolls
chicken_scratch_zoidxsa,https://dl.dafont.com/dl/?f=chicken_scratch_zoidxsa
jaap,https://dl.dafont.com/dl/?f=jaap
cindyyoskinny,https://dl.dafont.com/dl/?f=cindyyoskinny
pow,https://dl.dafont.com/dl/?f=pow
bkappa93,https://dl.dafont.com/dl/?f=bkappa93
miog,https://dl.dafont.com/dl/?f=miog
coire_demo,https://dl.dafont.com/dl/?f=coire_demo
julliscriptum_reloaded,https://dl.dafont.com/dl/?f=julliscriptum_reloaded
straight_up_zody,https://dl.dafont.com/dl/?f=straight_up_zody
ksafont,https://dl.dafont.com/dl/?f=ksafont
aquarious,https://dl.dafont.com/dl/?f=aquarious
love_you_heaps,https://dl.dafont.com/dl/?f=love_you_heaps
slim_jim,https://dl.dafont.com/dl/?f=slim_jim
justmai,https://dl.dafont.com/dl/?f=justmai
distinctly_dan,https://dl.dafont.com/dl/?f=distinctly_dan
annoyed_teenager,https://dl.dafont.com/dl/?f=annoyed_teenager
megaink,https://dl.dafont.com/dl/?f=megaink
the_hand_of_tes,https://dl.dafont.com/dl/?f=the_hand_of_tes
innocent,https://dl.dafont.com/dl/?f=innocent
d_h_hand_scribblies,https://dl.dafont.com/dl/?f=d_h_hand_scribblies
allen,https://dl.dafont.com/dl/?f=allen
beehives_are_sticky,https://dl.dafont.com/dl/?f=beehives_are_sticky
ayebaybay,https://dl.dafont.com/dl/?f=ayebaybay
the_joynt,https://dl.dafont.com/dl/?f=the_joynt
babooinspace,https://dl.dafont.com/dl/?f=babooinspace
skitsermarker,https://dl.dafont.com/dl/?f=skitsermarker
follow_your_dreams,https://dl.dafont.com/dl/?f=follow_your_dreams
jessethompsonshandwriting,https://dl.dafont.com/dl/?f=jessethompsonshandwriting
jeansfont,https://dl.dafont.com/dl/?f=jeansfont
kristenshand,https://dl.dafont.com/dl/?f=kristenshand
lara_prints_bold,https://dl.dafont.com/dl/?f=lara_prints_bold
lara_prints,https://dl.dafont.com/dl/?f=lara_prints
laras_letters,https://dl.dafont.com/dl/?f=laras_letters
damai_kpk_polri,https://dl.dafont.com/dl/?f=damai_kpk_polri
i_still_believe,https://dl.dafont.com/dl/?f=i_still_believe
dotty,https://dl.dafont.com/dl/?f=dotty
dinas_handwriting,https://dl.dafont.com/dl/?f=dinas_handwriting
elmo,https://dl.dafont.com/dl/?f=elmo
enchanted_castle,https://dl.dafont.com/dl/?f=enchanted_castle
bees_burts,https://dl.dafont.com/dl/?f=bees_burts
james_jeans,https://dl.dafont.com/dl/?f=james_jeans
danshands,https://dl.dafont.com/dl/?f=danshands
adamskihand,https://dl.dafont.com/dl/?f=adamskihand
sebran3,https://dl.dafont.com/dl/?f=sebran3
alice_oranges,https://dl.dafont.com/dl/?f=alice_oranges
daydreamer,https://dl.dafont.com/dl/?f=daydreamer
emileehandwriting,https://dl.dafont.com/dl/?f=emileehandwriting
crayonsketches,https://dl.dafont.com/dl/?f=crayonsketches
sawashand,https://dl.dafont.com/dl/?f=sawashand
inkyflutterby,https://dl.dafont.com/dl/?f=inkyflutterby
anniesfontwithfaces,https://dl.dafont.com/dl/?f=anniesfontwithfaces
melinahand,https://dl.dafont.com/dl/?f=melinahand
circular_quay,https://dl.dafont.com/dl/?f=circular_quay
marivi_handwriting,https://dl.dafont.com/dl/?f=marivi_handwriting
little_miss_wonderful,https://dl.dafont.com/dl/?f=little_miss_wonderful
prof_jorge,https://dl.dafont.com/dl/?f=prof_jorge
washed_purple,https://dl.dafont.com/dl/?f=washed_purple
sandcastle,https://dl.dafont.com/dl/?f=sandcastle
rachel_2,https://dl.dafont.com/dl/?f=rachel_2
lovelyk,https://dl.dafont.com/dl/?f=lovelyk
handwriting,https://dl.dafont.com/dl/?f=handwriting
handdoodle,https://dl.dafont.com/dl/?f=handdoodle
harveyfont,https://dl.dafont.com/dl/?f=harveyfont
rebeccashandwriting2,https://dl.dafont.com/dl/?f=rebeccashandwriting2
pops,https://dl.dafont.com/dl/?f=pops
duntonwriting,https://dl.dafont.com/dl/?f=duntonwriting
inocua,https://dl.dafont.com/dl/?f=inocua
funkyjunk,https://dl.dafont.com/dl/?f=funkyjunk
dcc_marker_quick,https://dl.dafont.com/dl/?f=dcc_marker_quick
dicishandwrite,https://dl.dafont.com/dl/?f=dicishandwrite
brandonshandwriting,https://dl.dafont.com/dl/?f=brandonshandwriting
stuvetica2,https://dl.dafont.com/dl/?f=stuvetica2
plumeplume,https://dl.dafont.com/dl/?f=plumeplume
kelley_calligraphy,https://dl.dafont.com/dl/?f=kelley_calligraphy
lettreclassique,https://dl.dafont.com/dl/?f=lettreclassique
darius_gardner,https://dl.dafont.com/dl/?f=darius_gardner
beccasfont,https://dl.dafont.com/dl/?f=beccasfont
gaelleingsletter,https://dl.dafont.com/dl/?f=gaelleingsletter
outrheageous,https://dl.dafont.com/dl/?f=outrheageous
yana,https://dl.dafont.com/dl/?f=yana
shipwreck,https://dl.dafont.com/dl/?f=shipwreck
mom,https://dl.dafont.com/dl/?f=mom
sugarlemonade,https://dl.dafont.com/dl/?f=sugarlemonade
newunderground,https://dl.dafont.com/dl/?f=newunderground
zack_and_sarah,https://dl.dafont.com/dl/?f=zack_and_sarah
orion,https://dl.dafont.com/dl/?f=orion
justy_three,https://dl.dafont.com/dl/?f=justy_three
lavalamp,https://dl.dafont.com/dl/?f=lavalamp
elementary_my_dear,https://dl.dafont.com/dl/?f=elementary_my_dear
blackboard_ultra,https://dl.dafont.com/dl/?f=blackboard_ultra
elisana,https://dl.dafont.com/dl/?f=elisana
bromine,https://dl.dafont.com/dl/?f=bromine
cleanstephanieee,https://dl.dafont.com/dl/?f=cleanstephanieee
cihuy,https://dl.dafont.com/dl/?f=cihuy
lolo2,https://dl.dafont.com/dl/?f=lolo2
manuscrite,https://dl.dafont.com/dl/?f=manuscrite
swag2,https://dl.dafont.com/dl/?f=swag2
spooky_spiders,https://dl.dafont.com/dl/?f=spooky_spiders
mldrussis,https://dl.dafont.com/dl/?f=mldrussis
kasuki_hand,https://dl.dafont.com/dl/?f=kasuki_hand
forestfire,https://dl.dafont.com/dl/?f=forestfire
savannahsfont,https://dl.dafont.com/dl/?f=savannahsfont
october,https://dl.dafont.com/dl/?f=october
mousewritten,https://dl.dafont.com/dl/?f=mousewritten
lefuturattendra,https://dl.dafont.com/dl/?f=lefuturattendra
sajid,https://dl.dafont.com/dl/?f=sajid
black_jack_2,https://dl.dafont.com/dl/?f=black_jack_2
handwriting_4_by_ca,https://dl.dafont.com/dl/?f=handwriting_4_by_ca
happy_pappy,https://dl.dafont.com/dl/?f=happy_pappy
trystanswriting,https://dl.dafont.com/dl/?f=trystanswriting
libbyhand,https://dl.dafont.com/dl/?f=libbyhand
mr_me_too,https://dl.dafont.com/dl/?f=mr_me_too
pathas,https://dl.dafont.com/dl/?f=pathas
emileedigital,https://dl.dafont.com/dl/?f=emileedigital
sarahscript,https://dl.dafont.com/dl/?f=sarahscript
cheeseusaceu,https://dl.dafont.com/dl/?f=cheeseusaceu
paki,https://dl.dafont.com/dl/?f=paki
sharonhandwriting,https://dl.dafont.com/dl/?f=sharonhandwriting
regi,https://dl.dafont.com/dl/?f=regi
clock,https://dl.dafont.com/dl/?f=clock
domigorgon,https://dl.dafont.com/dl/?f=domigorgon
dickie,https://dl.dafont.com/dl/?f=dickie
daveyhand,https://dl.dafont.com/dl/?f=daveyhand
barokah,https://dl.dafont.com/dl/?f=barokah
cringes,https://dl.dafont.com/dl/?f=cringes
gaellenumber8,https://dl.dafont.com/dl/?f=gaellenumber8
qarolina,https://dl.dafont.com/dl/?f=qarolina
dreamonastar,https://dl.dafont.com/dl/?f=dreamonastar
please,https://dl.dafont.com/dl/?f=please
reaper,https://dl.dafont.com/dl/?f=reaper
bibsfirsthandwrite,https://dl.dafont.com/dl/?f=bibsfirsthandwrite
my_childish_font,https://dl.dafont.com/dl/?f=my_childish_font
bubblewriting,https://dl.dafont.com/dl/?f=bubblewriting
akeylah_s_handwriting,https://dl.dafont.com/dl/?f=akeylah_s_handwriting
ellis,https://dl.dafont.com/dl/?f=ellis
professorshroom,https://dl.dafont.com/dl/?f=professorshroom
generic_teenager,https://dl.dafont.com/dl/?f=generic_teenager
riley,https://dl.dafont.com/dl/?f=riley
sonny_moore,https://dl.dafont.com/dl/?f=sonny_moore
polanwritings,https://dl.dafont.com/dl/?f=polanwritings
thicker_than,https://dl.dafont.com/dl/?f=thicker_than
filament_serie,https://dl.dafont.com/dl/?f=filament_serie
craaig,https://dl.dafont.com/dl/?f=craaig
firefly,https://dl.dafont.com/dl/?f=firefly
robinhood,https://dl.dafont.com/dl/?f=robinhood
tippytoes,https://dl.dafont.com/dl/?f=tippytoes
architect_hand,https://dl.dafont.com/dl/?f=architect_hand
human,https://dl.dafont.com/dl/?f=human
soft_notes,https://dl.dafont.com/dl/?f=soft_notes
coolstory,https://dl.dafont.com/dl/?f=coolstory
carl_john,https://dl.dafont.com/dl/?f=carl_john
pigeon_scribble,https://dl.dafont.com/dl/?f=pigeon_scribble
the_betty_font,https://dl.dafont.com/dl/?f=the_betty_font
sile,https://dl.dafont.com/dl/?f=sile
kidswritting,https://dl.dafont.com/dl/?f=kidswritting
my_handwriting_2,https://dl.dafont.com/dl/?f=my_handwriting_2
rachelhand,https://dl.dafont.com/dl/?f=rachelhand
rat_scratch_tall,https://dl.dafont.com/dl/?f=rat_scratch_tall
numbbunny,https://dl.dafont.com/dl/?f=numbbunny
dobbo_chisel,https://dl.dafont.com/dl/?f=dobbo_chisel
that_there_paul,https://dl.dafont.com/dl/?f=that_there_paul
billys_hand_thin,https://dl.dafont.com/dl/?f=billys_hand_thin
amazing_bro,https://dl.dafont.com/dl/?f=amazing_bro
queen1,https://dl.dafont.com/dl/?f=queen1
graphe,https://dl.dafont.com/dl/?f=graphe
mixswift,https://dl.dafont.com/dl/?f=mixswift
jd_sketched,https://dl.dafont.com/dl/?f=jd_sketched
egg,https://dl.dafont.com/dl/?f=egg
martin_sans,https://dl.dafont.com/dl/?f=martin_sans
lullabelle,https://dl.dafont.com/dl/?f=lullabelle
cj_potter_handwriting,https://dl.dafont.com/dl/?f=cj_potter_handwriting
the_dog_ate_my_homework,https://dl.dafont.com/dl/?f=the_dog_ate_my_homework
anomalias,https://dl.dafont.com/dl/?f=anomalias
sanremo,https://dl.dafont.com/dl/?f=sanremo
bad_handwriting4,https://dl.dafont.com/dl/?f=bad_handwriting4
netsrak,https://dl.dafont.com/dl/?f=netsrak
arigato,https://dl.dafont.com/dl/?f=arigato
youarefont,https://dl.dafont.com/dl/?f=youarefont
kid_font,https://dl.dafont.com/dl/?f=kid_font
nanda,https://dl.dafont.com/dl/?f=nanda
manns_bare_hand,https://dl.dafont.com/dl/?f=manns_bare_hand
niscript,https://dl.dafont.com/dl/?f=niscript
sami_bublegum,https://dl.dafont.com/dl/?f=sami_bublegum
genesis_handwriting,https://dl.dafont.com/dl/?f=genesis_handwriting
reeses,https://dl.dafont.com/dl/?f=reeses
ageng_sans,https://dl.dafont.com/dl/?f=ageng_sans
putumayo,https://dl.dafont.com/dl/?f=putumayo
mix_tumble,https://dl.dafont.com/dl/?f=mix_tumble
dani_3,https://dl.dafont.com/dl/?f=dani_3
mix_scribble,https://dl.dafont.com/dl/?f=mix_scribble
antler_caps,https://dl.dafont.com/dl/?f=antler_caps
marina_ellis,https://dl.dafont.com/dl/?f=marina_ellis
sweet_handwrite,https://dl.dafont.com/dl/?f=sweet_handwrite
naycila,https://dl.dafont.com/dl/?f=naycila
foxed_inn,https://dl.dafont.com/dl/?f=foxed_inn
mae3,https://dl.dafont.com/dl/?f=mae3
brook,https://dl.dafont.com/dl/?f=brook
philosophy_2,https://dl.dafont.com/dl/?f=philosophy_2
sontoloyo,https://dl.dafont.com/dl/?f=sontoloyo
brickle,https://dl.dafont.com/dl/?f=brickle
butterlate,https://dl.dafont.com/dl/?f=butterlate
le_ratna,https://dl.dafont.com/dl/?f=le_ratna
stela,https://dl.dafont.com/dl/?f=stela
lefthanded,https://dl.dafont.com/dl/?f=lefthanded
chantell_hand,https://dl.dafont.com/dl/?f=chantell_hand
dolly,https://dl.dafont.com/dl/?f=dolly
my_scrawl,https://dl.dafont.com/dl/?f=my_scrawl
drawer_sketches,https://dl.dafont.com/dl/?f=drawer_sketches
jungle_boy,https://dl.dafont.com/dl/?f=jungle_boy
john_bulgarry,https://dl.dafont.com/dl/?f=john_bulgarry
katrine_holland,https://dl.dafont.com/dl/?f=katrine_holland
zallia,https://dl.dafont.com/dl/?f=zallia
sandra_belhock,https://dl.dafont.com/dl/?f=sandra_belhock
east_blue,https://dl.dafont.com/dl/?f=east_blue
asmudila,https://dl.dafont.com/dl/?f=asmudila
ablackcrown,https://dl.dafont.com/dl/?f=ablackcrown
clegane,https://dl.dafont.com/dl/?f=clegane
jiangkrik,https://dl.dafont.com/dl/?f=jiangkrik
my_sweety,https://dl.dafont.com/dl/?f=my_sweety
awali,https://dl.dafont.com/dl/?f=awali
sayano,https://dl.dafont.com/dl/?f=sayano
firyana_beauty,https://dl.dafont.com/dl/?f=firyana_beauty
destiny_3,https://dl.dafont.com/dl/?f=destiny_3
dk_hand,https://dl.dafont.com/dl/?f=dk_hand
drawgio_sans,https://dl.dafont.com/dl/?f=drawgio_sans
the_night_began,https://dl.dafont.com/dl/?f=the_night_began
casuwalt,https://dl.dafont.com/dl/?f=casuwalt
le_sofia,https://dl.dafont.com/dl/?f=le_sofia
makepeace,https://dl.dafont.com/dl/?f=makepeace
alegant_script,https://dl.dafont.com/dl/?f=alegant_script
southja,https://dl.dafont.com/dl/?f=southja
coffete,https://dl.dafont.com/dl/?f=coffete
andalan_eug,https://dl.dafont.com/dl/?f=andalan_eug
bielifild,https://dl.dafont.com/dl/?f=bielifild
rules,https://dl.dafont.com/dl/?f=rules
south,https://dl.dafont.com/dl/?f=south
nothing_for_you,https://dl.dafont.com/dl/?f=nothing_for_you
naras,https://dl.dafont.com/dl/?f=naras
cloudy_night,https://dl.dafont.com/dl/?f=cloudy_night
a_bators_growth,https://dl.dafont.com/dl/?f=a_bators_growth
emma_2,https://dl.dafont.com/dl/?f=emma_2
gultan_bonte,https://dl.dafont.com/dl/?f=gultan_bonte
rastha,https://dl.dafont.com/dl/?f=rastha
caramellia,https://dl.dafont.com/dl/?f=caramellia
mellocco,https://dl.dafont.com/dl/?f=mellocco
shmelabela,https://dl.dafont.com/dl/?f=shmelabela
cloudy_days,https://dl.dafont.com/dl/?f=cloudy_days
skinny_me,https://dl.dafont.com/dl/?f=skinny_me
mj_font,https://dl.dafont.com/dl/?f=mj_font
richierich,https://dl.dafont.com/dl/?f=richierich
amettha,https://dl.dafont.com/dl/?f=amettha
medicall,https://dl.dafont.com/dl/?f=medicall
salonikia_vkf,https://dl.dafont.com/dl/?f=salonikia_vkf
delphines_handwriting,https://dl.dafont.com/dl/?f=delphines_handwriting
superman,https://dl.dafont.com/dl/?f=superman
hi_baby,https://dl.dafont.com/dl/?f=hi_baby
qolak_pisank,https://dl.dafont.com/dl/?f=qolak_pisank
acl,https://dl.dafont.com/dl/?f=acl
ahai,https://dl.dafont.com/dl/?f=ahai
best_friends,https://dl.dafont.com/dl/?f=best_friends
betharia_sonata,https://dl.dafont.com/dl/?f=betharia_sonata
humanity,https://dl.dafont.com/dl/?f=humanity
stella_6,https://dl.dafont.com/dl/?f=stella_6
komiko,https://dl.dafont.com/dl/?f=komiko
quick123,https://dl.dafont.com/dl/?f=quick123
danhand,https://dl.dafont.com/dl/?f=danhand
jasleens_jassy,https://dl.dafont.com/dl/?f=jasleens_jassy
a_awanipun,https://dl.dafont.com/dl/?f=a_awanipun
lt_expo,https://dl.dafont.com/dl/?f=lt_expo
a_andragogy,https://dl.dafont.com/dl/?f=a_andragogy
winter_land_by_jd,https://dl.dafont.com/dl/?f=winter_land_by_jd
longy,https://dl.dafont.com/dl/?f=longy
polo,https://dl.dafont.com/dl/?f=polo
candid_style_2,https://dl.dafont.com/dl/?f=candid_style_2
big_mike,https://dl.dafont.com/dl/?f=big_mike
last_dance,https://dl.dafont.com/dl/?f=last_dance
british_state,https://dl.dafont.com/dl/?f=british_state
boby,https://dl.dafont.com/dl/?f=boby
louies_handwriting,https://dl.dafont.com/dl/?f=louies_handwriting
softie,https://dl.dafont.com/dl/?f=softie
shepherd_freehand,https://dl.dafont.com/dl/?f=shepherd_freehand
cactee,https://dl.dafont.com/dl/?f=cactee
levorotary,https://dl.dafont.com/dl/?f=levorotary
red_hot_chili,https://dl.dafont.com/dl/?f=red_hot_chili
hendyka,https://dl.dafont.com/dl/?f=hendyka
campus_3,https://dl.dafont.com/dl/?f=campus_3
small_handy,https://dl.dafont.com/dl/?f=small_handy
mocopat,https://dl.dafont.com/dl/?f=mocopat
summerfriday,https://dl.dafont.com/dl/?f=summerfriday
gay_piece_of_trash,https://dl.dafont.com/dl/?f=gay_piece_of_trash
rosyitha,https://dl.dafont.com/dl/?f=rosyitha
angel_signature_2,https://dl.dafont.com/dl/?f=angel_signature_2
tourism_days,https://dl.dafont.com/dl/?f=tourism_days
become_choice,https://dl.dafont.com/dl/?f=become_choice
travel_october,https://dl.dafont.com/dl/?f=travel_october
south_town,https://dl.dafont.com/dl/?f=south_town
starting_live,https://dl.dafont.com/dl/?f=starting_live
marthane,https://dl.dafont.com/dl/?f=marthane
jm_handscript,https://dl.dafont.com/dl/?f=jm_handscript
seratan_alit,https://dl.dafont.com/dl/?f=seratan_alit
netigen_2,https://dl.dafont.com/dl/?f=netigen_2
overclowd,https://dl.dafont.com/dl/?f=overclowd
swaglife,https://dl.dafont.com/dl/?f=swaglife
unique_surfer,https://dl.dafont.com/dl/?f=unique_surfer
bible,https://dl.dafont.com/dl/?f=bible
alpha_romeo,https://dl.dafont.com/dl/?f=alpha_romeo
skinny_dream,https://dl.dafont.com/dl/?f=skinny_dream
komicak,https://dl.dafont.com/dl/?f=komicak
alvanesa,https://dl.dafont.com/dl/?f=alvanesa
nebby_kiyowo,https://dl.dafont.com/dl/?f=nebby_kiyowo
anthony_write,https://dl.dafont.com/dl/?f=anthony_write
slimshoot,https://dl.dafont.com/dl/?f=slimshoot
good_mother,https://dl.dafont.com/dl/?f=good_mother
hand_smoth,https://dl.dafont.com/dl/?f=hand_smoth
alisa_hodge,https://dl.dafont.com/dl/?f=alisa_hodge
vee_with_a_marker,https://dl.dafont.com/dl/?f=vee_with_a_marker
randomn4yy,https://dl.dafont.com/dl/?f=randomn4yy
maximal,https://dl.dafont.com/dl/?f=maximal
thats_less_than_last_time,https://dl.dafont.com/dl/?f=thats_less_than_last_time
shinlock,https://dl.dafont.com/dl/?f=shinlock
angeline_4,https://dl.dafont.com/dl/?f=angeline_4
retask,https://dl.dafont.com/dl/?f=retask
the_rangnick,https://dl.dafont.com/dl/?f=the_rangnick
crisontf,https://dl.dafont.com/dl/?f=crisontf
craft_vintage,https://dl.dafont.com/dl/?f=craft_vintage
sweetlovelyrainbowone,https://dl.dafont.com/dl/?f=sweetlovelyrainbowone
bagaza,https://dl.dafont.com/dl/?f=bagaza
spicy_hotdog,https://dl.dafont.com/dl/?f=spicy_hotdog
chicken_dinner_3,https://dl.dafont.com/dl/?f=chicken_dinner_3
nampula_city,https://dl.dafont.com/dl/?f=nampula_city
kasitau,https://dl.dafont.com/dl/?f=kasitau
catatan_mata,https://dl.dafont.com/dl/?f=catatan_mata
monday_ramen,https://dl.dafont.com/dl/?f=monday_ramen
yaum_smile,https://dl.dafont.com/dl/?f=yaum_smile
amazing_swash,https://dl.dafont.com/dl/?f=amazing_swash
sunday_orange,https://dl.dafont.com/dl/?f=sunday_orange
happy_wednesday,https://dl.dafont.com/dl/?f=happy_wednesday
always_together_2,https://dl.dafont.com/dl/?f=always_together_2
fresh_berry,https://dl.dafont.com/dl/?f=fresh_berry
apple_hut,https://dl.dafont.com/dl/?f=apple_hut
cheerful_donuts,https://dl.dafont.com/dl/?f=cheerful_donuts
street_donuts,https://dl.dafont.com/dl/?f=street_donuts
cracker_banana,https://dl.dafont.com/dl/?f=cracker_banana
sanger_show,https://dl.dafont.com/dl/?f=sanger_show
kids_year,https://dl.dafont.com/dl/?f=kids_year
ronysiswadi_14,https://dl.dafont.com/dl/?f=ronysiswadi_14
kidstshirt,https://dl.dafont.com/dl/?f=kidstshirt
duckname,https://dl.dafont.com/dl/?f=duckname
cheerful_morning,https://dl.dafont.com/dl/?f=cheerful_morning
handy_times,https://dl.dafont.com/dl/?f=handy_times
bread_island,https://dl.dafont.com/dl/?f=bread_island
123and,https://dl.dafont.com/dl/?f=123and
averen,https://dl.dafont.com/dl/?f=averen
tawattype_bloch,https://dl.dafont.com/dl/?f=tawattype_bloch
brian_cary,https://dl.dafont.com/dl/?f=brian_cary
emperors_scrawl,https://dl.dafont.com/dl/?f=emperors_scrawl
wolves_lower,https://dl.dafont.com/dl/?f=wolves_lower
blzee,https://dl.dafont.com/dl/?f=blzee
papa_mano,https://dl.dafont.com/dl/?f=papa_mano
douglas_adams_hand,https://dl.dafont.com/dl/?f=douglas_adams_hand
mcgurr_script,https://dl.dafont.com/dl/?f=mcgurr_script
cataclysmic,https://dl.dafont.com/dl/?f=cataclysmic
reverend_josh,https://dl.dafont.com/dl/?f=reverend_josh
script_of_sheep,https://dl.dafont.com/dl/?f=script_of_sheep
chicken_scratch_v1,https://dl.dafont.com/dl/?f=chicken_scratch_v1
brainless_thoughts,https://dl.dafont.com/dl/?f=brainless_thoughts
sl_runaway_girl,https://dl.dafont.com/dl/?f=sl_runaway_girl
hello_brady,https://dl.dafont.com/dl/?f=hello_brady
justy1,https://dl.dafont.com/dl/?f=justy1
reprobate,https://dl.dafont.com/dl/?f=reprobate
as_i_lay_dying,https://dl.dafont.com/dl/?f=as_i_lay_dying
stryka,https://dl.dafont.com/dl/?f=stryka
schneller,https://dl.dafont.com/dl/?f=schneller
johnny_mac_scrawl_b,https://dl.dafont.com/dl/?f=johnny_mac_scrawl_b
space_cowboy,https://dl.dafont.com/dl/?f=space_cowboy
parne,https://dl.dafont.com/dl/?f=parne
margarosa,https://dl.dafont.com/dl/?f=margarosa
erwin,https://dl.dafont.com/dl/?f=erwin
jenelson,https://dl.dafont.com/dl/?f=jenelson
february,https://dl.dafont.com/dl/?f=february
hellphabet,https://dl.dafont.com/dl/?f=hellphabet
loddyfont,https://dl.dafont.com/dl/?f=loddyfont
striiikerr,https://dl.dafont.com/dl/?f=striiikerr
mizike,https://dl.dafont.com/dl/?f=mizike
grutchline,https://dl.dafont.com/dl/?f=grutchline
selus,https://dl.dafont.com/dl/?f=selus
next,https://dl.dafont.com/dl/?f=next
the_dark_jackal,https://dl.dafont.com/dl/?f=the_dark_jackal
love_moi,https://dl.dafont.com/dl/?f=love_moi
spijker_08,https://dl.dafont.com/dl/?f=spijker_08
apantasia_2,https://dl.dafont.com/dl/?f=apantasia_2
apantasia,https://dl.dafont.com/dl/?f=apantasia
pen_of_truth,https://dl.dafont.com/dl/?f=pen_of_truth
tehzeta,https://dl.dafont.com/dl/?f=tehzeta
rodeoking,https://dl.dafont.com/dl/?f=rodeoking
coertschrift,https://dl.dafont.com/dl/?f=coertschrift
sebastian_font,https://dl.dafont.com/dl/?f=sebastian_font
paul_pc,https://dl.dafont.com/dl/?f=paul_pc
lavi,https://dl.dafont.com/dl/?f=lavi
ashleys_handwriting,https://dl.dafont.com/dl/?f=ashleys_handwriting
liersonmattenhauer,https://dl.dafont.com/dl/?f=liersonmattenhauer
kohicle25,https://dl.dafont.com/dl/?f=kohicle25
phr_scrypt_ii,https://dl.dafont.com/dl/?f=phr_scrypt_ii
moody_boys,https://dl.dafont.com/dl/?f=moody_boys
natalia_colleen,https://dl.dafont.com/dl/?f=natalia_colleen
rightyuseslefthand,https://dl.dafont.com/dl/?f=rightyuseslefthand
tena,https://dl.dafont.com/dl/?f=tena
felix_hand,https://dl.dafont.com/dl/?f=felix_hand
the_kool_font,https://dl.dafont.com/dl/?f=the_kool_font
karz_001,https://dl.dafont.com/dl/?f=karz_001
magrilinha,https://dl.dafont.com/dl/?f=magrilinha
morado,https://dl.dafont.com/dl/?f=morado
not_really,https://dl.dafont.com/dl/?f=not_really
jake_bitch_dude,https://dl.dafont.com/dl/?f=jake_bitch_dude
vielkalahizo,https://dl.dafont.com/dl/?f=vielkalahizo
mpok_hand,https://dl.dafont.com/dl/?f=mpok_hand
strassman_script,https://dl.dafont.com/dl/?f=strassman_script
sams_hanwriting2,https://dl.dafont.com/dl/?f=sams_hanwriting2
gerards_gold,https://dl.dafont.com/dl/?f=gerards_gold
juleshand,https://dl.dafont.com/dl/?f=juleshand
little_ryan,https://dl.dafont.com/dl/?f=little_ryan
shark_handwritten_abc,https://dl.dafont.com/dl/?f=shark_handwritten_abc
vintlys_hand,https://dl.dafont.com/dl/?f=vintlys_hand
quikmarker,https://dl.dafont.com/dl/?f=quikmarker
ragamuffin,https://dl.dafont.com/dl/?f=ragamuffin
my_moms_font,https://dl.dafont.com/dl/?f=my_moms_font
slipstream_sweetheart,https://dl.dafont.com/dl/?f=slipstream_sweetheart
standard_nib_handwritten,https://dl.dafont.com/dl/?f=standard_nib_handwritten
analfabet,https://dl.dafont.com/dl/?f=analfabet
evies_hand,https://dl.dafont.com/dl/?f=evies_hand
canidae_hand,https://dl.dafont.com/dl/?f=canidae_hand
whatdowedoallday,https://dl.dafont.com/dl/?f=whatdowedoallday
mobilesfont,https://dl.dafont.com/dl/?f=mobilesfont
franciie,https://dl.dafont.com/dl/?f=franciie
shannnn,https://dl.dafont.com/dl/?f=shannnn
stutzman,https://dl.dafont.com/dl/?f=stutzman
sleight_of_hand,https://dl.dafont.com/dl/?f=sleight_of_hand
sweet_steeffie,https://dl.dafont.com/dl/?f=sweet_steeffie
mbchickenscratch,https://dl.dafont.com/dl/?f=mbchickenscratch
sharkscribble,https://dl.dafont.com/dl/?f=sharkscribble
escapeviawindow,https://dl.dafont.com/dl/?f=escapeviawindow
evilsporkgirl,https://dl.dafont.com/dl/?f=evilsporkgirl
donanfer,https://dl.dafont.com/dl/?f=donanfer
proto_uncertain,https://dl.dafont.com/dl/?f=proto_uncertain
nihat,https://dl.dafont.com/dl/?f=nihat
bailey,https://dl.dafont.com/dl/?f=bailey
thors_thunderfont,https://dl.dafont.com/dl/?f=thors_thunderfont
jmmj,https://dl.dafont.com/dl/?f=jmmj
juliafont,https://dl.dafont.com/dl/?f=juliafont
cuernomuerto,https://dl.dafont.com/dl/?f=cuernomuerto
amazhand_first,https://dl.dafont.com/dl/?f=amazhand_first
dear_kelly,https://dl.dafont.com/dl/?f=dear_kelly
easy_going,https://dl.dafont.com/dl/?f=easy_going
portland,https://dl.dafont.com/dl/?f=portland
peent,https://dl.dafont.com/dl/?f=peent
jelusic_rukopisni,https://dl.dafont.com/dl/?f=jelusic_rukopisni
soozieqs,https://dl.dafont.com/dl/?f=soozieqs
handcapzz,https://dl.dafont.com/dl/?f=handcapzz
my_awesomated_handwriting,https://dl.dafont.com/dl/?f=my_awesomated_handwriting
printcess,https://dl.dafont.com/dl/?f=printcess
quick_note,https://dl.dafont.com/dl/?f=quick_note
samdam,https://dl.dafont.com/dl/?f=samdam
jjweb2,https://dl.dafont.com/dl/?f=jjweb2
jlee,https://dl.dafont.com/dl/?f=jlee
product_design,https://dl.dafont.com/dl/?f=product_design
boldhandwriting,https://dl.dafont.com/dl/?f=boldhandwriting
whatever_hr,https://dl.dafont.com/dl/?f=whatever_hr
jdrossella,https://dl.dafont.com/dl/?f=jdrossella
zeebz,https://dl.dafont.com/dl/?f=zeebz
voronovfont,https://dl.dafont.com/dl/?f=voronovfont
boldloud,https://dl.dafont.com/dl/?f=boldloud
ucu_charles_script,https://dl.dafont.com/dl/?f=ucu_charles_script
dker_feltpen,https://dl.dafont.com/dl/?f=dker_feltpen
kranne,https://dl.dafont.com/dl/?f=kranne
annashandschrift,https://dl.dafont.com/dl/?f=annashandschrift
pickabilly,https://dl.dafont.com/dl/?f=pickabilly
zhizn,https://dl.dafont.com/dl/?f=zhizn
wl_scrawl_my_children,https://dl.dafont.com/dl/?f=wl_scrawl_my_children
topheavy,https://dl.dafont.com/dl/?f=topheavy
omgwritelikewilliam,https://dl.dafont.com/dl/?f=omgwritelikewilliam
sarabelle,https://dl.dafont.com/dl/?f=sarabelle
kuchar,https://dl.dafont.com/dl/?f=kuchar
rondrs_script,https://dl.dafont.com/dl/?f=rondrs_script
saras_font_1,https://dl.dafont.com/dl/?f=saras_font_1
alex2,https://dl.dafont.com/dl/?f=alex2
scruffy,https://dl.dafont.com/dl/?f=scruffy
myranda,https://dl.dafont.com/dl/?f=myranda
sierra_nevada_road,https://dl.dafont.com/dl/?f=sierra_nevada_road
robinscript,https://dl.dafont.com/dl/?f=robinscript
rare_blair,https://dl.dafont.com/dl/?f=rare_blair
effe,https://dl.dafont.com/dl/?f=effe
zryluxfont,https://dl.dafont.com/dl/?f=zryluxfont
cupper_reversed,https://dl.dafont.com/dl/?f=cupper_reversed
skwirl,https://dl.dafont.com/dl/?f=skwirl
joshcooper,https://dl.dafont.com/dl/?f=joshcooper
havlova_austral,https://dl.dafont.com/dl/?f=havlova_austral
kaus_tripa,https://dl.dafont.com/dl/?f=kaus_tripa
seleneshandwriting1,https://dl.dafont.com/dl/?f=seleneshandwriting1
tanvishand3,https://dl.dafont.com/dl/?f=tanvishand3
fonty,https://dl.dafont.com/dl/?f=fonty
systamatic,https://dl.dafont.com/dl/?f=systamatic
foreveryours,https://dl.dafont.com/dl/?f=foreveryours
movingon,https://dl.dafont.com/dl/?f=movingon
lucas_eleven,https://dl.dafont.com/dl/?f=lucas_eleven
clarks_summit,https://dl.dafont.com/dl/?f=clarks_summit
furro_script,https://dl.dafont.com/dl/?f=furro_script
hipchick,https://dl.dafont.com/dl/?f=hipchick
mine,https://dl.dafont.com/dl/?f=mine
momshand,https://dl.dafont.com/dl/?f=momshand
handsofmumu,https://dl.dafont.com/dl/?f=handsofmumu
003_katie_caps,https://dl.dafont.com/dl/?f=003_katie_caps
003_anna_caps,https://dl.dafont.com/dl/?f=003_anna_caps
einfachbycindyyo,https://dl.dafont.com/dl/?f=einfachbycindyyo
grundlegendebycindyyo,https://dl.dafont.com/dl/?f=grundlegendebycindyyo
aldo_dattoli,https://dl.dafont.com/dl/?f=aldo_dattoli
julliscriptum,https://dl.dafont.com/dl/?f=julliscriptum
laelique,https://dl.dafont.com/dl/?f=laelique
missdisorder,https://dl.dafont.com/dl/?f=missdisorder
maris_handwriting,https://dl.dafont.com/dl/?f=maris_handwriting
nics_handwriting,https://dl.dafont.com/dl/?f=nics_handwriting
dasbougie,https://dl.dafont.com/dl/?f=dasbougie
sunshinescoming,https://dl.dafont.com/dl/?f=sunshinescoming
003_engineers_hand,https://dl.dafont.com/dl/?f=003_engineers_hand
richs_riting,https://dl.dafont.com/dl/?f=richs_riting
my_derp_handwriting,https://dl.dafont.com/dl/?f=my_derp_handwriting
betsilicious,https://dl.dafont.com/dl/?f=betsilicious
tightscript,https://dl.dafont.com/dl/?f=tightscript
unileft,https://dl.dafont.com/dl/?f=unileft
uni,https://dl.dafont.com/dl/?f=uni
wisdom_is_better,https://dl.dafont.com/dl/?f=wisdom_is_better
alain_perso,https://dl.dafont.com/dl/?f=alain_perso
shavedice,https://dl.dafont.com/dl/?f=shavedice
jorgieporgiepuddinpie,https://dl.dafont.com/dl/?f=jorgieporgiepuddinpie
izabela,https://dl.dafont.com/dl/?f=izabela
crae,https://dl.dafont.com/dl/?f=crae
drawfont,https://dl.dafont.com/dl/?f=drawfont
dontlookback,https://dl.dafont.com/dl/?f=dontlookback
kiki,https://dl.dafont.com/dl/?f=kiki
pudding_script,https://dl.dafont.com/dl/?f=pudding_script
linny,https://dl.dafont.com/dl/?f=linny
rachel_wilks,https://dl.dafont.com/dl/?f=rachel_wilks
gurrrrl,https://dl.dafont.com/dl/?f=gurrrrl
scriptia_happy,https://dl.dafont.com/dl/?f=scriptia_happy
desyminicakes,https://dl.dafont.com/dl/?f=desyminicakes
radhi4,https://dl.dafont.com/dl/?f=radhi4
kelvinprint,https://dl.dafont.com/dl/?f=kelvinprint
woah,https://dl.dafont.com/dl/?f=woah
bella_k_mad_font,https://dl.dafont.com/dl/?f=bella_k_mad_font
jessicaprint,https://dl.dafont.com/dl/?f=jessicaprint
lifestoofast,https://dl.dafont.com/dl/?f=lifestoofast
ginjah_ninjah,https://dl.dafont.com/dl/?f=ginjah_ninjah
little_bird,https://dl.dafont.com/dl/?f=little_bird
cruelsummer,https://dl.dafont.com/dl/?f=cruelsummer
swan,https://dl.dafont.com/dl/?f=swan
claireshand,https://dl.dafont.com/dl/?f=claireshand
claireshand3,https://dl.dafont.com/dl/?f=claireshand3
skitserfineliner,https://dl.dafont.com/dl/?f=skitserfineliner
bella_k_dont_blink,https://dl.dafont.com/dl/?f=bella_k_dont_blink
zay,https://dl.dafont.com/dl/?f=zay
bliss,https://dl.dafont.com/dl/?f=bliss
together_again,https://dl.dafont.com/dl/?f=together_again
top_of_the_world,https://dl.dafont.com/dl/?f=top_of_the_world
randy,https://dl.dafont.com/dl/?f=randy
skitserswift,https://dl.dafont.com/dl/?f=skitserswift
creepers,https://dl.dafont.com/dl/?f=creepers
paresh,https://dl.dafont.com/dl/?f=paresh
mangui_type,https://dl.dafont.com/dl/?f=mangui_type
capitol_chase,https://dl.dafont.com/dl/?f=capitol_chase
castillo,https://dl.dafont.com/dl/?f=castillo
casual_perfectionist,https://dl.dafont.com/dl/?f=casual_perfectionist
mcenneking,https://dl.dafont.com/dl/?f=mcenneking
iced_latte,https://dl.dafont.com/dl/?f=iced_latte
heather_shibahn,https://dl.dafont.com/dl/?f=heather_shibahn
impalinger,https://dl.dafont.com/dl/?f=impalinger
fall_is_still_like_summer_in_ca,https://dl.dafont.com/dl/?f=fall_is_still_like_summer_in_ca
stormysfont,https://dl.dafont.com/dl/?f=stormysfont
briasco_rustic,https://dl.dafont.com/dl/?f=briasco_rustic
kristenalwaysnotsonormal,https://dl.dafont.com/dl/?f=kristenalwaysnotsonormal
crative_chalk,https://dl.dafont.com/dl/?f=crative_chalk
belenpison,https://dl.dafont.com/dl/?f=belenpison
peak,https://dl.dafont.com/dl/?f=peak
kourtneysmustache,https://dl.dafont.com/dl/?f=kourtneysmustache
hand_of_henry,https://dl.dafont.com/dl/?f=hand_of_henry
think_thick,https://dl.dafont.com/dl/?f=think_thick
bella_k_hopeless,https://dl.dafont.com/dl/?f=bella_k_hopeless
flovio,https://dl.dafont.com/dl/?f=flovio
the_toadfrog,https://dl.dafont.com/dl/?f=the_toadfrog
violety_crumble,https://dl.dafont.com/dl/?f=violety_crumble
lyemuelookkreung,https://dl.dafont.com/dl/?f=lyemuelookkreung
shiprezotto,https://dl.dafont.com/dl/?f=shiprezotto
swaggercapitals,https://dl.dafont.com/dl/?f=swaggercapitals
light_at_the_end,https://dl.dafont.com/dl/?f=light_at_the_end
jangan_bersedih,https://dl.dafont.com/dl/?f=jangan_bersedih
ikan_besar,https://dl.dafont.com/dl/?f=ikan_besar
senyum2,https://dl.dafont.com/dl/?f=senyum2
izzeh,https://dl.dafont.com/dl/?f=izzeh
johndaly,https://dl.dafont.com/dl/?f=johndaly
gaelleingfont,https://dl.dafont.com/dl/?f=gaelleingfont
rags_to_riches,https://dl.dafont.com/dl/?f=rags_to_riches
lauvik,https://dl.dafont.com/dl/?f=lauvik
joshua_senapelo_font,https://dl.dafont.com/dl/?f=joshua_senapelo_font
arcangelos_words,https://dl.dafont.com/dl/?f=arcangelos_words
sparkly_lights,https://dl.dafont.com/dl/?f=sparkly_lights
hollow_hills,https://dl.dafont.com/dl/?f=hollow_hills
nevermind,https://dl.dafont.com/dl/?f=nevermind
poundcake69,https://dl.dafont.com/dl/?f=poundcake69
kittypethin,https://dl.dafont.com/dl/?f=kittypethin
bestfontevar,https://dl.dafont.com/dl/?f=bestfontevar
industrialdesign,https://dl.dafont.com/dl/?f=industrialdesign
bella_k_a_better_place,https://dl.dafont.com/dl/?f=bella_k_a_better_place
cmc,https://dl.dafont.com/dl/?f=cmc
papoune,https://dl.dafont.com/dl/?f=papoune
onceuponatime,https://dl.dafont.com/dl/?f=onceuponatime
jdtyr,https://dl.dafont.com/dl/?f=jdtyr
dutchschoolwriting,https://dl.dafont.com/dl/?f=dutchschoolwriting
dizzy_does_it,https://dl.dafont.com/dl/?f=dizzy_does_it
mockup,https://dl.dafont.com/dl/?f=mockup
vague,https://dl.dafont.com/dl/?f=vague
ecolier2,https://dl.dafont.com/dl/?f=ecolier2
helveti,https://dl.dafont.com/dl/?f=helveti
ameno,https://dl.dafont.com/dl/?f=ameno
cubworld,https://dl.dafont.com/dl/?f=cubworld
moreletters,https://dl.dafont.com/dl/?f=moreletters
minneapolis,https://dl.dafont.com/dl/?f=minneapolis
ritvikshandwriting,https://dl.dafont.com/dl/?f=ritvikshandwriting
black_beauty,https://dl.dafont.com/dl/?f=black_beauty
ludi,https://dl.dafont.com/dl/?f=ludi
swagmasta,https://dl.dafont.com/dl/?f=swagmasta
no_other_name,https://dl.dafont.com/dl/?f=no_other_name
ordinary_day,https://dl.dafont.com/dl/?f=ordinary_day
easy_going_stroke,https://dl.dafont.com/dl/?f=easy_going_stroke
trace_me_gordo,https://dl.dafont.com/dl/?f=trace_me_gordo
newday,https://dl.dafont.com/dl/?f=newday
jenny_penny,https://dl.dafont.com/dl/?f=jenny_penny
ellennn,https://dl.dafont.com/dl/?f=ellennn
stopplease,https://dl.dafont.com/dl/?f=stopplease
infinite,https://dl.dafont.com/dl/?f=infinite
kristasfont,https://dl.dafont.com/dl/?f=kristasfont
suji,https://dl.dafont.com/dl/?f=suji
northampton,https://dl.dafont.com/dl/?f=northampton
sharpk,https://dl.dafont.com/dl/?f=sharpk
california,https://dl.dafont.com/dl/?f=california
jofont,https://dl.dafont.com/dl/?f=jofont
sherlox,https://dl.dafont.com/dl/?f=sherlox
corruptscript,https://dl.dafont.com/dl/?f=corruptscript
ordinaryartichoke,https://dl.dafont.com/dl/?f=ordinaryartichoke
svampens_handwriting,https://dl.dafont.com/dl/?f=svampens_handwriting
skribal,https://dl.dafont.com/dl/?f=skribal
crappypeanuts,https://dl.dafont.com/dl/?f=crappypeanuts
duntonsophicated,https://dl.dafont.com/dl/?f=duntonsophicated
bmerva,https://dl.dafont.com/dl/?f=bmerva
adamsfont,https://dl.dafont.com/dl/?f=adamsfont
vanlose_handwritten,https://dl.dafont.com/dl/?f=vanlose_handwritten
ugran,https://dl.dafont.com/dl/?f=ugran
jackiek,https://dl.dafont.com/dl/?f=jackiek
naive,https://dl.dafont.com/dl/?f=naive
don_butique,https://dl.dafont.com/dl/?f=don_butique
isabellabold,https://dl.dafont.com/dl/?f=isabellabold
heavenvetica,https://dl.dafont.com/dl/?f=heavenvetica
colesfont,https://dl.dafont.com/dl/?f=colesfont
etw,https://dl.dafont.com/dl/?f=etw
caintanya_font,https://dl.dafont.com/dl/?f=caintanya_font
realme,https://dl.dafont.com/dl/?f=realme
lulusfont,https://dl.dafont.com/dl/?f=lulusfont
mrfboom,https://dl.dafont.com/dl/?f=mrfboom
chai,https://dl.dafont.com/dl/?f=chai
olivia2,https://dl.dafont.com/dl/?f=olivia2
woahthatsbold,https://dl.dafont.com/dl/?f=woahthatsbold
messypup,https://dl.dafont.com/dl/?f=messypup
jdstefania,https://dl.dafont.com/dl/?f=jdstefania
jdteresa,https://dl.dafont.com/dl/?f=jdteresa
hsfcuartomenguante,https://dl.dafont.com/dl/?f=hsfcuartomenguante
jdvega,https://dl.dafont.com/dl/?f=jdvega
compressedhand,https://dl.dafont.com/dl/?f=compressedhand
creamdonut,https://dl.dafont.com/dl/?f=creamdonut
naomi,https://dl.dafont.com/dl/?f=naomi
hand_of_ben,https://dl.dafont.com/dl/?f=hand_of_ben
lemonadestand,https://dl.dafont.com/dl/?f=lemonadestand
jordansfontt,https://dl.dafont.com/dl/?f=jordansfontt
klepon_scone,https://dl.dafont.com/dl/?f=klepon_scone
aspargo,https://dl.dafont.com/dl/?f=aspargo
steelgohsts_handwriting,https://dl.dafont.com/dl/?f=steelgohsts_handwriting
alvefont,https://dl.dafont.com/dl/?f=alvefont
_westcoast,https://dl.dafont.com/dl/?f=_westcoast
neatte,https://dl.dafont.com/dl/?f=neatte
alexis_2,https://dl.dafont.com/dl/?f=alexis_2
charanga,https://dl.dafont.com/dl/?f=charanga
gaelle203font,https://dl.dafont.com/dl/?f=gaelle203font
gaellefont403,https://dl.dafont.com/dl/?f=gaellefont403
madman,https://dl.dafont.com/dl/?f=madman
indigo_unicor,https://dl.dafont.com/dl/?f=indigo_unicor
pwmanuelfree,https://dl.dafont.com/dl/?f=pwmanuelfree
chapulfont,https://dl.dafont.com/dl/?f=chapulfont
handoftt,https://dl.dafont.com/dl/?f=handoftt
lera,https://dl.dafont.com/dl/?f=lera
mias_greetings,https://dl.dafont.com/dl/?f=mias_greetings
anothersunday,https://dl.dafont.com/dl/?f=anothersunday
kindergarten_2,https://dl.dafont.com/dl/?f=kindergarten_2
marmalade_toast,https://dl.dafont.com/dl/?f=marmalade_toast
daisy,https://dl.dafont.com/dl/?f=daisy
mailinh,https://dl.dafont.com/dl/?f=mailinh
scrawl2,https://dl.dafont.com/dl/?f=scrawl2
pavfont,https://dl.dafont.com/dl/?f=pavfont
pwlefthand,https://dl.dafont.com/dl/?f=pwlefthand
lovemeagain,https://dl.dafont.com/dl/?f=lovemeagain
martyyfont,https://dl.dafont.com/dl/?f=martyyfont
properprincess,https://dl.dafont.com/dl/?f=properprincess
orcascript,https://dl.dafont.com/dl/?f=orcascript
gaellefine,https://dl.dafont.com/dl/?f=gaellefine
ninjys_handwriting,https://dl.dafont.com/dl/?f=ninjys_handwriting
jit,https://dl.dafont.com/dl/?f=jit
something_in_your_eyes,https://dl.dafont.com/dl/?f=something_in_your_eyes
southofknowingwhy,https://dl.dafont.com/dl/?f=southofknowingwhy
003_mikey,https://dl.dafont.com/dl/?f=003_mikey
andreaunedited,https://dl.dafont.com/dl/?f=andreaunedited
ellega,https://dl.dafont.com/dl/?f=ellega
ziahw,https://dl.dafont.com/dl/?f=ziahw
ken_weigand,https://dl.dafont.com/dl/?f=ken_weigand
vipzona,https://dl.dafont.com/dl/?f=vipzona
penis_2,https://dl.dafont.com/dl/?f=penis_2
elegant_ink,https://dl.dafont.com/dl/?f=elegant_ink
short,https://dl.dafont.com/dl/?f=short
swwell,https://dl.dafont.com/dl/?f=swwell
lovestruck,https://dl.dafont.com/dl/?f=lovestruck
lalithabai,https://dl.dafont.com/dl/?f=lalithabai
snts_mouselaak_tp,https://dl.dafont.com/dl/?f=snts_mouselaak_tp
kafeiscaf,https://dl.dafont.com/dl/?f=kafeiscaf
jobboof,https://dl.dafont.com/dl/?f=jobboof
primrose,https://dl.dafont.com/dl/?f=primrose
annieshandwriting,https://dl.dafont.com/dl/?f=annieshandwriting
daisies,https://dl.dafont.com/dl/?f=daisies
yuimessyhand,https://dl.dafont.com/dl/?f=yuimessyhand
weaselbee_beans,https://dl.dafont.com/dl/?f=weaselbee_beans
jenetoublieraijamais,https://dl.dafont.com/dl/?f=jenetoublieraijamais
vastorga_bold_letter,https://dl.dafont.com/dl/?f=vastorga_bold_letter
vastorga_letter,https://dl.dafont.com/dl/?f=vastorga_letter
pataques,https://dl.dafont.com/dl/?f=pataques
wrtty,https://dl.dafont.com/dl/?f=wrtty
jotdownsomenotes,https://dl.dafont.com/dl/?f=jotdownsomenotes
simplylin,https://dl.dafont.com/dl/?f=simplylin
tickets_to_elton_john,https://dl.dafont.com/dl/?f=tickets_to_elton_john
brandeezfont,https://dl.dafont.com/dl/?f=brandeezfont
jennilyns_everyday,https://dl.dafont.com/dl/?f=jennilyns_everyday
sc_gretchin_and_timmy,https://dl.dafont.com/dl/?f=sc_gretchin_and_timmy
everything_rhymes_with_orange,https://dl.dafont.com/dl/?f=everything_rhymes_with_orange
qjae,https://dl.dafont.com/dl/?f=qjae
asdf2,https://dl.dafont.com/dl/?f=asdf2
sweet_life,https://dl.dafont.com/dl/?f=sweet_life
hand_of_jj,https://dl.dafont.com/dl/?f=hand_of_jj
giantsteeth,https://dl.dafont.com/dl/?f=giantsteeth
as_cute_as,https://dl.dafont.com/dl/?f=as_cute_as
laura_claire,https://dl.dafont.com/dl/?f=laura_claire
inconsistent_print,https://dl.dafont.com/dl/?f=inconsistent_print
ripper,https://dl.dafont.com/dl/?f=ripper
danger_zone,https://dl.dafont.com/dl/?f=danger_zone
kunal,https://dl.dafont.com/dl/?f=kunal
will_retry,https://dl.dafont.com/dl/?f=will_retry
blockitout,https://dl.dafont.com/dl/?f=blockitout
ato,https://dl.dafont.com/dl/?f=ato
miahand,https://dl.dafont.com/dl/?f=miahand
mi_nombre_es_problema,https://dl.dafont.com/dl/?f=mi_nombre_es_problema
emileecaps,https://dl.dafont.com/dl/?f=emileecaps
crappy_font,https://dl.dafont.com/dl/?f=crappy_font
doorknob_daydreams,https://dl.dafont.com/dl/?f=doorknob_daydreams
yes_siree_bob,https://dl.dafont.com/dl/?f=yes_siree_bob
risestarhand,https://dl.dafont.com/dl/?f=risestarhand
hand_power,https://dl.dafont.com/dl/?f=hand_power
teschkescratch,https://dl.dafont.com/dl/?f=teschkescratch
applause,https://dl.dafont.com/dl/?f=applause
becs_hand,https://dl.dafont.com/dl/?f=becs_hand
child_writing,https://dl.dafont.com/dl/?f=child_writing
byrow,https://dl.dafont.com/dl/?f=byrow
multilingual_hand,https://dl.dafont.com/dl/?f=multilingual_hand
myfirsthandwriting,https://dl.dafont.com/dl/?f=myfirsthandwriting
pree_school,https://dl.dafont.com/dl/?f=pree_school
sunshineblues,https://dl.dafont.com/dl/?f=sunshineblues
old_towne_vermont,https://dl.dafont.com/dl/?f=old_towne_vermont
kordulova,https://dl.dafont.com/dl/?f=kordulova
subterranean_dylan,https://dl.dafont.com/dl/?f=subterranean_dylan
chez_vous,https://dl.dafont.com/dl/?f=chez_vous
theeny,https://dl.dafont.com/dl/?f=theeny
pancho,https://dl.dafont.com/dl/?f=pancho
scribble_scrabble,https://dl.dafont.com/dl/?f=scribble_scrabble
bee_la,https://dl.dafont.com/dl/?f=bee_la
another2,https://dl.dafont.com/dl/?f=another2
abnormal,https://dl.dafont.com/dl/?f=abnormal
chloouioui,https://dl.dafont.com/dl/?f=chloouioui
rocchy_s_handwriting,https://dl.dafont.com/dl/?f=rocchy_s_handwriting
melapalooza,https://dl.dafont.com/dl/?f=melapalooza
riffc8310,https://dl.dafont.com/dl/?f=riffc8310
augushand,https://dl.dafont.com/dl/?f=augushand
sloppy_hand,https://dl.dafont.com/dl/?f=sloppy_hand
marjans_handwriting,https://dl.dafont.com/dl/?f=marjans_handwriting
gaplek,https://dl.dafont.com/dl/?f=gaplek
telo,https://dl.dafont.com/dl/?f=telo
pattifont,https://dl.dafont.com/dl/?f=pattifont
glass_hand,https://dl.dafont.com/dl/?f=glass_hand
hastygrass_vl,https://dl.dafont.com/dl/?f=hastygrass_vl
willems_font,https://dl.dafont.com/dl/?f=willems_font
patoskript,https://dl.dafont.com/dl/?f=patoskript
same_mistake,https://dl.dafont.com/dl/?f=same_mistake
epcl,https://dl.dafont.com/dl/?f=epcl
sloppydragon_vl,https://dl.dafont.com/dl/?f=sloppydragon_vl
katieish,https://dl.dafont.com/dl/?f=katieish
jonny_mack,https://dl.dafont.com/dl/?f=jonny_mack
mchandwriting,https://dl.dafont.com/dl/?f=mchandwriting
gaelledef,https://dl.dafont.com/dl/?f=gaelledef
rachel_kate,https://dl.dafont.com/dl/?f=rachel_kate
oneer,https://dl.dafont.com/dl/?f=oneer
homeboys,https://dl.dafont.com/dl/?f=homeboys
uper,https://dl.dafont.com/dl/?f=uper
joanna_s_handwriting,https://dl.dafont.com/dl/?f=joanna_s_handwriting
the_brown_fox,https://dl.dafont.com/dl/?f=the_brown_fox
amuninokia,https://dl.dafont.com/dl/?f=amuninokia
cousin,https://dl.dafont.com/dl/?f=cousin
uno,https://dl.dafont.com/dl/?f=uno
adrian_font,https://dl.dafont.com/dl/?f=adrian_font
wicked_child,https://dl.dafont.com/dl/?f=wicked_child
felipescript,https://dl.dafont.com/dl/?f=felipescript
loogie_hawk,https://dl.dafont.com/dl/?f=loogie_hawk
curly_kue,https://dl.dafont.com/dl/?f=curly_kue
herzogscript,https://dl.dafont.com/dl/?f=herzogscript
our_first_kiss2,https://dl.dafont.com/dl/?f=our_first_kiss2
thi,https://dl.dafont.com/dl/?f=thi
ini_budi,https://dl.dafont.com/dl/?f=ini_budi
guapos,https://dl.dafont.com/dl/?f=guapos
laurenescriptfont,https://dl.dafont.com/dl/?f=laurenescriptfont
osinistromanoblk,https://dl.dafont.com/dl/?f=osinistromanoblk
ghgy,https://dl.dafont.com/dl/?f=ghgy
lex,https://dl.dafont.com/dl/?f=lex
woodsscript,https://dl.dafont.com/dl/?f=woodsscript
skipping_stones,https://dl.dafont.com/dl/?f=skipping_stones
kdg,https://dl.dafont.com/dl/?f=kdg
wei,https://dl.dafont.com/dl/?f=wei
kayla1,https://dl.dafont.com/dl/?f=kayla1
notperfect,https://dl.dafont.com/dl/?f=notperfect
dayansfont,https://dl.dafont.com/dl/?f=dayansfont
the_past_g,https://dl.dafont.com/dl/?f=the_past_g
hong_kim,https://dl.dafont.com/dl/?f=hong_kim
coco_hand,https://dl.dafont.com/dl/?f=coco_hand
graceful,https://dl.dafont.com/dl/?f=graceful
charliebubblesimple,https://dl.dafont.com/dl/?f=charliebubblesimple
gifont,https://dl.dafont.com/dl/?f=gifont
suriel,https://dl.dafont.com/dl/?f=suriel
miglia,https://dl.dafont.com/dl/?f=miglia
dfm,https://dl.dafont.com/dl/?f=dfm
applestorm,https://dl.dafont.com/dl/?f=applestorm
elise,https://dl.dafont.com/dl/?f=elise
bkobiii,https://dl.dafont.com/dl/?f=bkobiii
polanstronk,https://dl.dafont.com/dl/?f=polanstronk
an_original_font_by_davi,https://dl.dafont.com/dl/?f=an_original_font_by_davi
monday_morning2,https://dl.dafont.com/dl/?f=monday_morning2
mydai1,https://dl.dafont.com/dl/?f=mydai1
inf_simpang_ampek,https://dl.dafont.com/dl/?f=inf_simpang_ampek
haeun,https://dl.dafont.com/dl/?f=haeun
on_a_run,https://dl.dafont.com/dl/?f=on_a_run
tethanda,https://dl.dafont.com/dl/?f=tethanda
i_need_help,https://dl.dafont.com/dl/?f=i_need_help
99_occupy,https://dl.dafont.com/dl/?f=99_occupy
old_sydney,https://dl.dafont.com/dl/?f=old_sydney
lindberg_hand_and_symbols,https://dl.dafont.com/dl/?f=lindberg_hand_and_symbols
saturnscript_handwritten,https://dl.dafont.com/dl/?f=saturnscript_handwritten
schreibii,https://dl.dafont.com/dl/?f=schreibii
not_my_handwriting,https://dl.dafont.com/dl/?f=not_my_handwriting
mh_font,https://dl.dafont.com/dl/?f=mh_font
brenoelle,https://dl.dafont.com/dl/?f=brenoelle
mfooont,https://dl.dafont.com/dl/?f=mfooont
jpfont,https://dl.dafont.com/dl/?f=jpfont
ideasandapps,https://dl.dafont.com/dl/?f=ideasandapps
tibet,https://dl.dafont.com/dl/?f=tibet
henchgirlcomicfont,https://dl.dafont.com/dl/?f=henchgirlcomicfont
wonderfully_wandering,https://dl.dafont.com/dl/?f=wonderfully_wandering
people,https://dl.dafont.com/dl/?f=people
julialicious,https://dl.dafont.com/dl/?f=julialicious
syzygy_hand,https://dl.dafont.com/dl/?f=syzygy_hand
cleavin,https://dl.dafont.com/dl/?f=cleavin
nukamono,https://dl.dafont.com/dl/?f=nukamono
diego_hands,https://dl.dafont.com/dl/?f=diego_hands
krumkake,https://dl.dafont.com/dl/?f=krumkake
scribb,https://dl.dafont.com/dl/?f=scribb
hassina,https://dl.dafont.com/dl/?f=hassina
hundrighting,https://dl.dafont.com/dl/?f=hundrighting
chokoshtroko,https://dl.dafont.com/dl/?f=chokoshtroko
mix_freo,https://dl.dafont.com/dl/?f=mix_freo
nikofont,https://dl.dafont.com/dl/?f=nikofont
noah,https://dl.dafont.com/dl/?f=noah
skylarking,https://dl.dafont.com/dl/?f=skylarking
mr_marcoozie,https://dl.dafont.com/dl/?f=mr_marcoozie
drunksharpiethin,https://dl.dafont.com/dl/?f=drunksharpiethin
mixminicaps,https://dl.dafont.com/dl/?f=mixminicaps
mix_motley,https://dl.dafont.com/dl/?f=mix_motley
kaorigel,https://dl.dafont.com/dl/?f=kaorigel
billy_milly,https://dl.dafont.com/dl/?f=billy_milly
sanlabello,https://dl.dafont.com/dl/?f=sanlabello
le_dantes_super_special_font,https://dl.dafont.com/dl/?f=le_dantes_super_special_font
leyfont,https://dl.dafont.com/dl/?f=leyfont
elangeliuxx,https://dl.dafont.com/dl/?f=elangeliuxx
cef,https://dl.dafont.com/dl/?f=cef
rvn_font_of_doom_1,https://dl.dafont.com/dl/?f=rvn_font_of_doom_1
azaura,https://dl.dafont.com/dl/?f=azaura
saridezra,https://dl.dafont.com/dl/?f=saridezra
darb,https://dl.dafont.com/dl/?f=darb
benbrousseau,https://dl.dafont.com/dl/?f=benbrousseau
sloppy_hand_2,https://dl.dafont.com/dl/?f=sloppy_hand_2
azmoonfleet,https://dl.dafont.com/dl/?f=azmoonfleet
feel_me,https://dl.dafont.com/dl/?f=feel_me
font_linda_sciutto,https://dl.dafont.com/dl/?f=font_linda_sciutto
manustype,https://dl.dafont.com/dl/?f=manustype
to_the_point,https://dl.dafont.com/dl/?f=to_the_point
higher_3,https://dl.dafont.com/dl/?f=higher_3
verona_lotte,https://dl.dafont.com/dl/?f=verona_lotte
sp_dear_mom,https://dl.dafont.com/dl/?f=sp_dear_mom
jw_script,https://dl.dafont.com/dl/?f=jw_script
writing_is_hard,https://dl.dafont.com/dl/?f=writing_is_hard
dangoweek,https://dl.dafont.com/dl/?f=dangoweek
apes_on_parade,https://dl.dafont.com/dl/?f=apes_on_parade
shmess,https://dl.dafont.com/dl/?f=shmess
salvat_study,https://dl.dafont.com/dl/?f=salvat_study
ohmaria,https://dl.dafont.com/dl/?f=ohmaria
romzul_sans,https://dl.dafont.com/dl/?f=romzul_sans
markus,https://dl.dafont.com/dl/?f=markus
give_me_a_hand,https://dl.dafont.com/dl/?f=give_me_a_hand
smartryck,https://dl.dafont.com/dl/?f=smartryck
britson,https://dl.dafont.com/dl/?f=britson
budaphest,https://dl.dafont.com/dl/?f=budaphest
blunder_sticky,https://dl.dafont.com/dl/?f=blunder_sticky
distance_avero,https://dl.dafont.com/dl/?f=distance_avero
hello_bunda,https://dl.dafont.com/dl/?f=hello_bunda
hingar_bingar,https://dl.dafont.com/dl/?f=hingar_bingar
slimamif,https://dl.dafont.com/dl/?f=slimamif
yeet,https://dl.dafont.com/dl/?f=yeet
informal_style,https://dl.dafont.com/dl/?f=informal_style
minnesotta,https://dl.dafont.com/dl/?f=minnesotta
soulitude,https://dl.dafont.com/dl/?f=soulitude
maestro,https://dl.dafont.com/dl/?f=maestro
keisya,https://dl.dafont.com/dl/?f=keisya
rexfontdo,https://dl.dafont.com/dl/?f=rexfontdo
bolica,https://dl.dafont.com/dl/?f=bolica
kids_zone,https://dl.dafont.com/dl/?f=kids_zone
ogyigo,https://dl.dafont.com/dl/?f=ogyigo
ringtown,https://dl.dafont.com/dl/?f=ringtown
dhizar,https://dl.dafont.com/dl/?f=dhizar
lossboom,https://dl.dafont.com/dl/?f=lossboom
on_frend,https://dl.dafont.com/dl/?f=on_frend
nosa,https://dl.dafont.com/dl/?f=nosa
first_grade_lili,https://dl.dafont.com/dl/?f=first_grade_lili
first_grade_lolo,https://dl.dafont.com/dl/?f=first_grade_lolo
the_roughsy,https://dl.dafont.com/dl/?f=the_roughsy
colombo_sketches,https://dl.dafont.com/dl/?f=colombo_sketches
jack_no_fruit,https://dl.dafont.com/dl/?f=jack_no_fruit
biasa,https://dl.dafont.com/dl/?f=biasa
class_wk,https://dl.dafont.com/dl/?f=class_wk
chattagirie,https://dl.dafont.com/dl/?f=chattagirie
sinau,https://dl.dafont.com/dl/?f=sinau
singo,https://dl.dafont.com/dl/?f=singo
the_do,https://dl.dafont.com/dl/?f=the_do
pipih,https://dl.dafont.com/dl/?f=pipih
the_brawn,https://dl.dafont.com/dl/?f=the_brawn
sunday_holiday,https://dl.dafont.com/dl/?f=sunday_holiday
zayd,https://dl.dafont.com/dl/?f=zayd
kluban,https://dl.dafont.com/dl/?f=kluban
jumpex,https://dl.dafont.com/dl/?f=jumpex
amindinah,https://dl.dafont.com/dl/?f=amindinah
shakila_yasmin,https://dl.dafont.com/dl/?f=shakila_yasmin
my_zafira,https://dl.dafont.com/dl/?f=my_zafira
sqwoze,https://dl.dafont.com/dl/?f=sqwoze
aly_og_2,https://dl.dafont.com/dl/?f=aly_og_2
sincerely_yours,https://dl.dafont.com/dl/?f=sincerely_yours
gascoigne,https://dl.dafont.com/dl/?f=gascoigne
russland,https://dl.dafont.com/dl/?f=russland
sepet,https://dl.dafont.com/dl/?f=sepet
ghaziyah,https://dl.dafont.com/dl/?f=ghaziyah
happy_day_2,https://dl.dafont.com/dl/?f=happy_day_2
zeinstore,https://dl.dafont.com/dl/?f=zeinstore
shafiyyah,https://dl.dafont.com/dl/?f=shafiyyah
lady_jasmine,https://dl.dafont.com/dl/?f=lady_jasmine
brullos,https://dl.dafont.com/dl/?f=brullos
blade_alexander,https://dl.dafont.com/dl/?f=blade_alexander
yellow_cat,https://dl.dafont.com/dl/?f=yellow_cat
cemaniey,https://dl.dafont.com/dl/?f=cemaniey
freetape,https://dl.dafont.com/dl/?f=freetape
exin,https://dl.dafont.com/dl/?f=exin
fewriter,https://dl.dafont.com/dl/?f=fewriter
joe_tasliman,https://dl.dafont.com/dl/?f=joe_tasliman
hero_polpen,https://dl.dafont.com/dl/?f=hero_polpen
kid_rough,https://dl.dafont.com/dl/?f=kid_rough
hello_buddy,https://dl.dafont.com/dl/?f=hello_buddy
junitta,https://dl.dafont.com/dl/?f=junitta
a_autoyes_closely,https://dl.dafont.com/dl/?f=a_autoyes_closely
cupcakie,https://dl.dafont.com/dl/?f=cupcakie
sangkala,https://dl.dafont.com/dl/?f=sangkala
es_campur_enak,https://dl.dafont.com/dl/?f=es_campur_enak
true_happiness,https://dl.dafont.com/dl/?f=true_happiness
qinyana_signature,https://dl.dafont.com/dl/?f=qinyana_signature
kat,https://dl.dafont.com/dl/?f=kat
kattyland,https://dl.dafont.com/dl/?f=kattyland
gosrokan,https://dl.dafont.com/dl/?f=gosrokan
kemplu,https://dl.dafont.com/dl/?f=kemplu
thumbellia,https://dl.dafont.com/dl/?f=thumbellia
sweet_corn,https://dl.dafont.com/dl/?f=sweet_corn
bounjour,https://dl.dafont.com/dl/?f=bounjour
sherringham,https://dl.dafont.com/dl/?f=sherringham
mbak_mbik,https://dl.dafont.com/dl/?f=mbak_mbik
bean,https://dl.dafont.com/dl/?f=bean
chacross_script,https://dl.dafont.com/dl/?f=chacross_script
nikofont_up,https://dl.dafont.com/dl/?f=nikofont_up
minsins,https://dl.dafont.com/dl/?f=minsins
shevana,https://dl.dafont.com/dl/?f=shevana
lazypod,https://dl.dafont.com/dl/?f=lazypod
megaponn,https://dl.dafont.com/dl/?f=megaponn
dara_2,https://dl.dafont.com/dl/?f=dara_2
velabu,https://dl.dafont.com/dl/?f=velabu
crazzon,https://dl.dafont.com/dl/?f=crazzon
samiruk,https://dl.dafont.com/dl/?f=samiruk
appenzell,https://dl.dafont.com/dl/?f=appenzell
curiousone,https://dl.dafont.com/dl/?f=curiousone
sketso,https://dl.dafont.com/dl/?f=sketso
domniquers,https://dl.dafont.com/dl/?f=domniquers
raflesia_arnoldi,https://dl.dafont.com/dl/?f=raflesia_arnoldi
husslee_break,https://dl.dafont.com/dl/?f=husslee_break
deschamber,https://dl.dafont.com/dl/?f=deschamber
sour_cream_and_onion,https://dl.dafont.com/dl/?f=sour_cream_and_onion
lord_of_the_king,https://dl.dafont.com/dl/?f=lord_of_the_king
reviiser,https://dl.dafont.com/dl/?f=reviiser
melon_hunter_2,https://dl.dafont.com/dl/?f=melon_hunter_2
sympathic,https://dl.dafont.com/dl/?f=sympathic
british,https://dl.dafont.com/dl/?f=british
debbie,https://dl.dafont.com/dl/?f=debbie
girl_next_door_2,https://dl.dafont.com/dl/?f=girl_next_door_2
hantex,https://dl.dafont.com/dl/?f=hantex
queenity,https://dl.dafont.com/dl/?f=queenity
grettana,https://dl.dafont.com/dl/?f=grettana
balada,https://dl.dafont.com/dl/?f=balada
hananiah,https://dl.dafont.com/dl/?f=hananiah
bleddug,https://dl.dafont.com/dl/?f=bleddug
tulehu,https://dl.dafont.com/dl/?f=tulehu
melunasi,https://dl.dafont.com/dl/?f=melunasi
bpatel,https://dl.dafont.com/dl/?f=bpatel
ordinary_font,https://dl.dafont.com/dl/?f=ordinary_font
belfica,https://dl.dafont.com/dl/?f=belfica
aeiou,https://dl.dafont.com/dl/?f=aeiou
catatan,https://dl.dafont.com/dl/?f=catatan
melunasi_v2,https://dl.dafont.com/dl/?f=melunasi_v2
escribi,https://dl.dafont.com/dl/?f=escribi
minasans,https://dl.dafont.com/dl/?f=minasans
relax,https://dl.dafont.com/dl/?f=relax
escrita_hand,https://dl.dafont.com/dl/?f=escrita_hand
screwpuzzles,https://dl.dafont.com/dl/?f=screwpuzzles
breno,https://dl.dafont.com/dl/?f=breno
fatherhand,https://dl.dafont.com/dl/?f=fatherhand
jks_handwriting,https://dl.dafont.com/dl/?f=jks_handwriting
a_ambyar_sobat,https://dl.dafont.com/dl/?f=a_ambyar_sobat
pletoy,https://dl.dafont.com/dl/?f=pletoy
dawet_ayu,https://dl.dafont.com/dl/?f=dawet_ayu
ranch_cmx_sans,https://dl.dafont.com/dl/?f=ranch_cmx_sans
santren,https://dl.dafont.com/dl/?f=santren
one_of_my_first_fonts,https://dl.dafont.com/dl/?f=one_of_my_first_fonts
jenang_kudus,https://dl.dafont.com/dl/?f=jenang_kudus
netizen,https://dl.dafont.com/dl/?f=netizen
ballz,https://dl.dafont.com/dl/?f=ballz
rexland,https://dl.dafont.com/dl/?f=rexland
arrival_of_companies,https://dl.dafont.com/dl/?f=arrival_of_companies
shadeogrey,https://dl.dafont.com/dl/?f=shadeogrey
sweety_blue,https://dl.dafont.com/dl/?f=sweety_blue
buzz_buzz,https://dl.dafont.com/dl/?f=buzz_buzz
blueflare,https://dl.dafont.com/dl/?f=blueflare
artritris,https://dl.dafont.com/dl/?f=artritris
zumattan,https://dl.dafont.com/dl/?f=zumattan
adri_script,https://dl.dafont.com/dl/?f=adri_script
better_do,https://dl.dafont.com/dl/?f=better_do
spidolita,https://dl.dafont.com/dl/?f=spidolita
jsb_double_jointed,https://dl.dafont.com/dl/?f=jsb_double_jointed
lawar,https://dl.dafont.com/dl/?f=lawar
rg_spiesje,https://dl.dafont.com/dl/?f=rg_spiesje
mayte_hand_2,https://dl.dafont.com/dl/?f=mayte_hand_2
masyasih,https://dl.dafont.com/dl/?f=masyasih
kids_ideas,https://dl.dafont.com/dl/?f=kids_ideas
inasfont,https://dl.dafont.com/dl/?f=inasfont
lavindir,https://dl.dafont.com/dl/?f=lavindir
sortelo,https://dl.dafont.com/dl/?f=sortelo
lazy_hands,https://dl.dafont.com/dl/?f=lazy_hands
woles,https://dl.dafont.com/dl/?f=woles
love_whisper,https://dl.dafont.com/dl/?f=love_whisper
aquilla_2,https://dl.dafont.com/dl/?f=aquilla_2
a_artinya,https://dl.dafont.com/dl/?f=a_artinya
wollaston,https://dl.dafont.com/dl/?f=wollaston
a_semongko,https://dl.dafont.com/dl/?f=a_semongko
gunkid,https://dl.dafont.com/dl/?f=gunkid
a_aksentuasi,https://dl.dafont.com/dl/?f=a_aksentuasi
a_artlazies,https://dl.dafont.com/dl/?f=a_artlazies
infinitona,https://dl.dafont.com/dl/?f=infinitona
rainbow_4,https://dl.dafont.com/dl/?f=rainbow_4
awkward_2,https://dl.dafont.com/dl/?f=awkward_2
a_apa_bedone_11_12,https://dl.dafont.com/dl/?f=a_apa_bedone_11_12
artsy_cat,https://dl.dafont.com/dl/?f=artsy_cat
goellamants,https://dl.dafont.com/dl/?f=goellamants
plain_and_simple,https://dl.dafont.com/dl/?f=plain_and_simple
viu_cobacoba,https://dl.dafont.com/dl/?f=viu_cobacoba
rylees_handwriting,https://dl.dafont.com/dl/?f=rylees_handwriting
nanas,https://dl.dafont.com/dl/?f=nanas
stop_first,https://dl.dafont.com/dl/?f=stop_first
sebatas_teman,https://dl.dafont.com/dl/?f=sebatas_teman
llgant,https://dl.dafont.com/dl/?f=llgant
pedropromo,https://dl.dafont.com/dl/?f=pedropromo
ramela,https://dl.dafont.com/dl/?f=ramela
byastrales,https://dl.dafont.com/dl/?f=byastrales
my_mummy_s_font,https://dl.dafont.com/dl/?f=my_mummy_s_font
cuttie_2,https://dl.dafont.com/dl/?f=cuttie_2
escapar,https://dl.dafont.com/dl/?f=escapar
sulatkamay,https://dl.dafont.com/dl/?f=sulatkamay
mk_fontes,https://dl.dafont.com/dl/?f=mk_fontes
khamies_handwriting,https://dl.dafont.com/dl/?f=khamies_handwriting
xiano,https://dl.dafont.com/dl/?f=xiano
ketiak,https://dl.dafont.com/dl/?f=ketiak
no_more_virus,https://dl.dafont.com/dl/?f=no_more_virus
si_ikan,https://dl.dafont.com/dl/?f=si_ikan
rakyat,https://dl.dafont.com/dl/?f=rakyat
qasteria,https://dl.dafont.com/dl/?f=qasteria
pisang,https://dl.dafont.com/dl/?f=pisang
mendung_2,https://dl.dafont.com/dl/?f=mendung_2
thank_you_2,https://dl.dafont.com/dl/?f=thank_you_2
insecute,https://dl.dafont.com/dl/?f=insecute
alvifont,https://dl.dafont.com/dl/?f=alvifont
faithful_hand,https://dl.dafont.com/dl/?f=faithful_hand
puzzle_piece,https://dl.dafont.com/dl/?f=puzzle_piece
fontnya_chelsea,https://dl.dafont.com/dl/?f=fontnya_chelsea
denyut,https://dl.dafont.com/dl/?f=denyut
specialisation,https://dl.dafont.com/dl/?f=specialisation
syf88,https://dl.dafont.com/dl/?f=syf88
allisons,https://dl.dafont.com/dl/?f=allisons
bibiblu,https://dl.dafont.com/dl/?f=bibiblu
jitting,https://dl.dafont.com/dl/?f=jitting
oddity,https://dl.dafont.com/dl/?f=oddity
maybe_next,https://dl.dafont.com/dl/?f=maybe_next
diet_again,https://dl.dafont.com/dl/?f=diet_again
student_nurse_sam,https://dl.dafont.com/dl/?f=student_nurse_sam
waterman_barel,https://dl.dafont.com/dl/?f=waterman_barel
sasio,https://dl.dafont.com/dl/?f=sasio
bhumi,https://dl.dafont.com/dl/?f=bhumi
oolfy,https://dl.dafont.com/dl/?f=oolfy
ashnashandwriting,https://dl.dafont.com/dl/?f=ashnashandwriting
santan_kelapa,https://dl.dafont.com/dl/?f=santan_kelapa
myfontybb,https://dl.dafont.com/dl/?f=myfontybb
verditer_lavanda,https://dl.dafont.com/dl/?f=verditer_lavanda
klover,https://dl.dafont.com/dl/?f=klover
lysta,https://dl.dafont.com/dl/?f=lysta
jelly_sprite_club,https://dl.dafont.com/dl/?f=jelly_sprite_club
comic_hand_logan,https://dl.dafont.com/dl/?f=comic_hand_logan
hook_franco,https://dl.dafont.com/dl/?f=hook_franco
bossy_sloth,https://dl.dafont.com/dl/?f=bossy_sloth
ring_ring,https://dl.dafont.com/dl/?f=ring_ring
handkids,https://dl.dafont.com/dl/?f=handkids
nutty_pen,https://dl.dafont.com/dl/?f=nutty_pen
sopberry,https://dl.dafont.com/dl/?f=sopberry
simplicity_9,https://dl.dafont.com/dl/?f=simplicity_9
bmauroart,https://dl.dafont.com/dl/?f=bmauroart
rose_velvet,https://dl.dafont.com/dl/?f=rose_velvet
spicy_hut,https://dl.dafont.com/dl/?f=spicy_hut
ices_when_real,https://dl.dafont.com/dl/?f=ices_when_real
luppy,https://dl.dafont.com/dl/?f=luppy
qiw,https://dl.dafont.com/dl/?f=qiw
rogers_2,https://dl.dafont.com/dl/?f=rogers_2
blinked,https://dl.dafont.com/dl/?f=blinked
real,https://dl.dafont.com/dl/?f=real
ryana_lovely,https://dl.dafont.com/dl/?f=ryana_lovely
somebody_2,https://dl.dafont.com/dl/?f=somebody_2
briella_rin,https://dl.dafont.com/dl/?f=briella_rin
homework_10,https://dl.dafont.com/dl/?f=homework_10
howlimit,https://dl.dafont.com/dl/?f=howlimit
blessing_2,https://dl.dafont.com/dl/?f=blessing_2
summer_rise,https://dl.dafont.com/dl/?f=summer_rise
fish_strike,https://dl.dafont.com/dl/?f=fish_strike
story_of_nature,https://dl.dafont.com/dl/?f=story_of_nature
piratte_diarys,https://dl.dafont.com/dl/?f=piratte_diarys
best_move,https://dl.dafont.com/dl/?f=best_move
tokino_kun,https://dl.dafont.com/dl/?f=tokino_kun
materials,https://dl.dafont.com/dl/?f=materials
fuente_de_prueba,https://dl.dafont.com/dl/?f=fuente_de_prueba
farming_town,https://dl.dafont.com/dl/?f=farming_town
supfun,https://dl.dafont.com/dl/?f=supfun
wortlaut_ah,https://dl.dafont.com/dl/?f=wortlaut_ah
milikah,https://dl.dafont.com/dl/?f=milikah
new_burger,https://dl.dafont.com/dl/?f=new_burger
sneakyo,https://dl.dafont.com/dl/?f=sneakyo
overlook,https://dl.dafont.com/dl/?f=overlook
zumbo_city,https://dl.dafont.com/dl/?f=zumbo_city
king_kids,https://dl.dafont.com/dl/?f=king_kids
trikers,https://dl.dafont.com/dl/?f=trikers
samatha,https://dl.dafont.com/dl/?f=samatha
chatkit,https://dl.dafont.com/dl/?f=chatkit
monday_rain,https://dl.dafont.com/dl/?f=monday_rain
cheese_donuts,https://dl.dafont.com/dl/?f=cheese_donuts
mueda_city,https://dl.dafont.com/dl/?f=mueda_city
desember,https://dl.dafont.com/dl/?f=desember
pisang_lagi,https://dl.dafont.com/dl/?f=pisang_lagi
coffe_you,https://dl.dafont.com/dl/?f=coffe_you
being_boring,https://dl.dafont.com/dl/?f=being_boring
susu_jahe,https://dl.dafont.com/dl/?f=susu_jahe
sedap_kali,https://dl.dafont.com/dl/?f=sedap_kali
